Date,Ratio
4/1/2013,0.868383405
4/2/2013,0.860753457
4/3/2013,0.892703863
4/4/2013,0.876728660
4/5/2013,0.856700048
4/6/2013,0.884358608
4/7/2013,0.897711016
4/8/2013,0.893657606
4/9/2013,0.890557940
4/10/2013,0.872675250
4/11/2013,0.888888889
4/12/2013,0.856700048
4/13/2013,0.864091559
4/14/2013,0.884835479
4/15/2013,0.890557940
4/16/2013,0.885550787
4/17/2013,0.875059609
4/18/2013,0.852169766
4/19/2013,0.824511206
4/20/2013,0.847401049
4/21/2013,0.892465427
4/22/2013,0.881364073
4/23/2013,0.869596542
4/24/2013,0.860470701
4/25/2013,0.787463977
4/26/2013,0.749759846
4/27/2013,0.791066282
4/28/2013,0.834293948
4/29/2013,0.845341018
4/30/2013,0.863247863
5/1/2013,0.853658537
5/2/2013,0.842079330
5/3/2013,0.808573540
5/4/2013,0.803646218
5/5/2013,0.839122937
5/6/2013,0.850209411
5/7/2013,0.861542252
5/8/2013,0.872875092
5/9/2013,0.838630204
5/10/2013,0.817196354
5/11/2013,0.804138950
5/12/2013,0.835427445
5/13/2013,0.859571323
5/14/2013,0.875338753
5/15/2013,0.847745750
5/16/2013,0.859078591
5/17/2013,0.792806110
5/18/2013,0.784922395
5/19/2013,0.823848238
5/20/2013,0.862281350
5/21/2013,0.842325696
5/22/2013,0.863020448
5/23/2013,0.873860557
5/24/2013,0.860310421
5/25/2013,0.842079330
5/26/2013,0.849963045
5/27/2013,0.853658537
5/28/2013,0.811283567
5/29/2013,0.818920916
5/30/2013,0.828282828
5/31/2013,0.796008869
6/1/2013,0.791528451
6/2/2013,0.852003062
6/3/2013,0.865003857
6/4/2013,0.852258229
6/5/2013,0.800204134
6/6/2013,0.844092881
6/7/2013,0.818065833
6/8/2013,0.814748660
6/9/2013,0.880071447
6/10/2013,0.863740750
6/11/2013,0.881347282
6/12/2013,0.881602450
6/13/2013,0.879816280
6/14/2013,0.833120694
6/15/2013,0.840010207
6/16/2013,0.858382240
6/17/2013,0.858382240
6/18/2013,0.867313090
6/19/2013,0.879816280
6/20/2013,0.891043634
6/21/2013,0.668793059
6/22/2013,0.642510845
6/23/2013,0.720336821
6/24/2013,0.699923450
6/25/2013,0.667772391
6/26/2013,0.691758102
6/27/2013,0.730543506
6/28/2013,0.680785915
6/29/2013,0.695840776
6/30/2013,0.743046696
7/1/2013,0.759122225
7/2/2013,0.799948967
7/3/2013,0.804286808
7/4/2013,0.831079357
7/5/2013,0.816279663
7/6/2013,0.835672365
7/7/2013,0.847665221
7/8/2013,0.885940291
7/9/2013,0.819852003
7/10/2013,0.850216892
7/11/2013,0.856085736
7/12/2013,0.825976014
7/13/2013,0.832100026
7/14/2013,0.854299566
7/15/2013,0.861954580
7/16/2013,0.845879051
7/17/2013,0.853023731
7/18/2013,0.836948201
7/19/2013,0.797652462
7/20/2013,0.785914774
7/21/2013,0.829803521
7/22/2013,0.848941056
7/23/2013,0.855575402
7/24/2013,0.858127073
7/25/2013,0.867313090
7/26/2013,0.783107936
7/27/2013,0.787445777
7/28/2013,0.838224037
7/29/2013,0.846899719
7/30/2013,0.842306711
7/31/2013,0.864251084
8/1/2013,0.805052309
8/2/2013,0.806072978
8/3/2013,0.793059454
8/4/2013,0.828527686
8/5/2013,0.877774943
8/6/2013,0.857871906
8/7/2013,0.872161266
8/8/2013,0.867313090
8/9/2013,0.840775708
8/10/2013,0.815514162
8/11/2013,0.858127073
8/12/2013,0.869864761
8/13/2013,0.865016586
8/14/2013,0.845368717
8/15/2013,0.824955346
8/16/2013,0.802500638
8/17/2013,0.819086502
8/18/2013,0.861444246
8/19/2013,0.867823424
8/20/2013,0.871140597
8/21/2013,0.875223271
8/22/2013,0.868844093
8/23/2013,0.820872672
8/24/2013,0.817555499
8/25/2013,0.865782087
8/26/2013,0.862975249
8/27/2013,0.797652462
8/28/2013,0.797907629
8/29/2013,0.812962490
8/30/2013,0.784894106
8/31/2013,0.796631794
9/1/2013,0.813876931
9/2/2013,0.844011142
9/3/2013,0.847303115
9/4/2013,0.864016207
9/5/2013,0.855659661
9/6/2013,0.835907825
9/7/2013,0.850341859
9/8/2013,0.882755128
9/9/2013,0.870093695
9/10/2013,0.867054951
9/11/2013,0.860724234
9/12/2013,0.869334009
9/13/2013,0.809825272
9/14/2013,0.810584958
9/15/2013,0.859458091
9/16/2013,0.866295265
9/17/2013,0.866295265
9/18/2013,0.910863510
9/19/2013,0.891618131
9/20/2013,0.845024057
9/21/2013,0.856925804
9/22/2013,0.869840466
9/23/2013,0.891364903
9/24/2013,0.879463155
9/25/2013,0.875917954
9/26/2013,0.845277285
9/27/2013,0.809572044
9/28/2013,0.817675361
9/29/2013,0.852874145
9/30/2013,0.865282350
10/1/2013,0.839569577
10/2/2013,0.854976767
10/3/2013,0.870139398
10/4/2013,0.797994620
10/5/2013,0.811934458
10/6/2013,0.846417217
10/7/2013,0.854243091
10/8/2013,0.864759110
10/9/2013,0.855465884
10/10/2013,0.861335290
10/11/2013,0.827097090
10/12/2013,0.833944730
10/13/2013,0.841526045
10/14/2013,0.862313524
10/15/2013,0.896917386
10/16/2013,0.939580764
10/17/2013,0.904315660
10/18/2013,0.847595561
10/19/2013,0.823921085
10/20/2013,0.882367448
10/21/2013,0.863131936
10/22/2013,0.881381011
10/23/2013,0.928729963
10/24/2013,0.919605425
10/25/2013,0.850308261
10/26/2013,0.829099877
10/27/2013,0.908754624
10/28/2013,0.924537608
10/29/2013,0.885080148
10/30/2013,0.890012330
10/31/2013,0.867570900
11/1/2013,0.816834051
11/2/2013,0.826637972
11/3/2013,0.891917743
11/4/2013,0.912721186
11/5/2013,0.922285988
11/6/2013,0.904830225
11/7/2013,0.908177905
11/8/2013,0.875657580
11/9/2013,0.885222382
11/10/2013,0.896221903
11/11/2013,0.891439503
11/12/2013,0.909612626
11/13/2013,0.902439024
11/14/2013,0.884265901
11/15/2013,0.873505500
11/16/2013,0.889526542
11/17/2013,0.915351506
11/18/2013,0.935915830
11/19/2013,0.933285509
11/20/2013,0.920373027
11/21/2013,0.924677188
11/22/2013,0.876374940
11/23/2013,0.895982783
11/24/2013,0.911286466
11/25/2013,0.876374940
11/26/2013,0.869440459
11/27/2013,0.873983740
11/28/2013,0.872309900
11/29/2013,0.860114778
11/30/2013,0.842180775
12/1/2013,0.870157819
12/2/2013,0.896939264
12/3/2013,0.891200383
12/4/2013,0.909851746
12/5/2013,0.913438546
12/6/2013,0.889048302
12/7/2013,0.883787661
12/8/2013,0.890722143
12/9/2013,0.898613104
12/10/2013,0.905786705
12/11/2013,0.883309421
12/12/2013,0.901243424
12/13/2013,0.863701578
12/14/2013,0.849593496
12/15/2013,0.880918221
12/16/2013,0.894548063
12/17/2013,0.902439024
12/18/2013,0.903156385
12/19/2013,0.856767097
12/20/2013,0.838354854
12/21/2013,0.828311813
12/22/2013,0.849115256
12/23/2013,0.826398852
12/24/2013,0.806073649
12/25/2013,0.791248207
12/26/2013,0.813008130
12/27/2013,0.831898613
12/28/2013,0.863462458
12/29/2013,0.879244381
12/30/2013,0.900047824
12/31/2013,0.831659493
1/1/2014,0.862428843
1/2/2014,0.882590133
1/3/2014,0.892077799
1/4/2014,0.894924099
1/5/2014,0.908206831
1/6/2014,0.897296015
1/7/2014,0.916271347
1/8/2014,0.909392789
1/9/2014,0.885436433
1/10/2014,0.865037951
1/11/2014,0.861717268
1/12/2014,0.898244782
1/13/2014,0.910341556
1/14/2014,0.904411765
1/15/2014,0.907495256
1/16/2014,0.902039848
1/17/2014,0.871916509
1/18/2014,0.865512334
1/19/2014,0.900142315
1/20/2014,0.920066414
1/21/2014,0.922912713
1/22/2014,0.925996205
1/23/2014,0.907020873
1/24/2014,0.874525617
1/25/2014,0.860531309
1/26/2014,0.905123340
1/27/2014,0.918880455
1/28/2014,0.866223909
1/29/2014,0.877609108
1/30/2014,0.876897533
1/31/2014,0.879494655
2/1/2014,0.847053321
2/2/2014,0.865762395
2/3/2014,0.902478952
2/4/2014,0.902946679
2/5/2014,0.900841908
2/6/2014,0.907623948
2/7/2014,0.891721235
2/8/2014,0.884705332
2/9/2014,0.908559401
2/10/2014,0.918381665
2/11/2014,0.928437792
2/12/2014,0.928671656
2/13/2014,0.922357343
2/14/2014,0.872778297
2/15/2014,0.865996258
2/16/2014,0.890318054
2/17/2014,0.901075772
2/18/2014,0.913470533
2/19/2014,0.913236670
2/20/2014,0.911365762
2/21/2014,0.889616464
2/22/2014,0.883302152
2/23/2014,0.904583723
2/24/2014,0.906922357
2/25/2014,0.868334892
2/26/2014,0.861552853
2/27/2014,0.857109448
2/28/2014,0.865294668
3/1/2014,0.857811038
3/2/2014,0.873479888
3/3/2014,0.907390084
3/4/2014,0.908793265
3/5/2014,0.912768943
3/6/2014,0.902946679
3/7/2014,0.865996258
3/8/2014,0.831150608
3/9/2014,0.876052385
3/10/2014,0.906688494
3/11/2014,0.902011225
3/12/2014,0.904115996
3/13/2014,0.901777362
3/14/2014,0.869270346
3/15/2014,0.861552853
3/16/2014,0.887277830
3/17/2014,0.892422825
3/18/2014,0.904817587
3/19/2014,0.892656688
3/20/2014,0.913470533
3/21/2014,0.898503274
3/22/2014,0.891721235
3/23/2014,0.911365762
3/24/2014,0.921421890
3/25/2014,0.907390084
3/26/2014,0.871842844
3/27/2014,0.857811038
3/28/2014,0.841206735
3/29/2014,0.849625819
3/30/2014,0.869738073
3/31/2014,0.874649205
4/1/2014,0.885883749
4/2/2014,0.908422301
4/3/2014,0.895848161
4/4/2014,0.871886121
4/5/2014,0.854092527
4/6/2014,0.898457888
4/7/2014,0.902016607
4/8/2014,0.903677343
4/9/2014,0.906761566
4/10/2014,0.890628707
4/11/2014,0.890391459
4/12/2014,0.885172005
4/13/2014,0.910557533
4/14/2014,0.912692764
4/15/2014,0.926927639
4/16/2014,0.931198102
4/17/2014,0.891340451
4/18/2014,0.905575326
4/19/2014,0.857888493
4/20/2014,0.879478055
4/21/2014,0.889679715
4/22/2014,0.906761566
4/23/2014,0.917674970
4/24/2014,0.900118624
4/25/2014,0.841755635
4/26/2014,0.847212337
4/27/2014,0.856465006
4/28/2014,0.867615658
4/29/2014,0.872597865
4/30/2014,0.864451988
5/1/2014,0.884615385
5/2/2014,0.896277916
5/3/2014,0.899751861
5/4/2014,0.907940447
5/5/2014,0.923573201
5/6/2014,0.905459057
5/7/2014,0.900744417
5/8/2014,0.878660050
5/9/2014,0.865756824
5/10/2014,0.859801489
5/11/2014,0.864516129
5/12/2014,0.852357320
5/13/2014,0.867493797
5/14/2014,0.859553350
5/15/2014,0.861786600
5/16/2014,0.810669975
5/17/2014,0.792059553
5/18/2014,0.811910670
5/19/2014,0.830272953
5/20/2014,0.834491315
5/21/2014,0.832506203
5/22/2014,0.824813896
5/23/2014,0.804714640
5/24/2014,0.797766749
5/25/2014,0.834243176
5/26/2014,0.839205955
5/27/2014,0.783870968
5/28/2014,0.800744417
5/29/2014,0.803722084
5/30/2014,0.786104218
5/31/2014,0.788337469
6/1/2014,0.824935733
6/2/2014,0.849871465
6/3/2014,0.841902314
6/4/2014,0.868637532
6/5/2014,0.862724936
6/6/2014,0.821850900
6/7/2014,0.813624679
6/8/2014,0.843958869
6/9/2014,0.864267352
6/10/2014,0.855526992
6/11/2014,0.864267352
6/12/2014,0.848071979
6/13/2014,0.831876607
6/14/2014,0.752185090
6/15/2014,0.846786632
6/16/2014,0.863496144
6/17/2014,0.866323907
6/18/2014,0.875578406
6/19/2014,0.855784062
6/20/2014,0.813624679
6/21/2014,0.818251928
6/22/2014,0.824935733
6/23/2014,0.821079692
6/24/2014,0.824164524
6/25/2014,0.792802057
6/26/2014,0.773264781
6/27/2014,0.747814910
6/28/2014,0.764010283
6/29/2014,0.792544987
6/30/2014,0.808483290
7/1/2014,0.800514139
7/2/2014,0.818508997
7/3/2014,0.820308483
7/4/2014,0.782519280
7/5/2014,0.792802057
7/6/2014,0.834190231
7/7/2014,0.847300771
7/8/2014,0.832133676
7/9/2014,0.829820051
7/10/2014,0.845244216
7/11/2014,0.789974293
7/12/2014,0.794087404
7/13/2014,0.820822622
7/14/2014,0.831105398
7/15/2014,0.829305913
7/16/2014,0.825449871
7/17/2014,0.829820051
7/18/2014,0.787146530
7/19/2014,0.804370180
7/20/2014,0.824935733
7/21/2014,0.831362468
7/22/2014,0.827763496
7/23/2014,0.828020566
7/24/2014,0.843187661
7/25/2014,0.822879177
7/26/2014,0.779434447
7/27/2014,0.786118252
7/28/2014,0.755784062
7/29/2014,0.757069409
7/30/2014,0.757326478
7/31/2014,0.758611825
8/1/2014,0.770762379
8/2/2014,0.755043228
8/3/2014,0.797484936
8/4/2014,0.822373592
8/5/2014,0.817919832
8/6/2014,0.831019125
8/7/2014,0.820539691
8/8/2014,0.807440398
8/9/2014,0.786743516
8/10/2014,0.816609903
8/11/2014,0.810584228
8/12/2014,0.815299974
8/13/2014,0.809798271
8/14/2014,0.815037988
8/15/2014,0.783337700
8/16/2014,0.783861671
8/17/2014,0.832591040
8/18/2014,0.813466073
8/19/2014,0.834686927
8/20/2014,0.843856432
8/21/2014,0.844904375
8/22/2014,0.823159549
8/23/2014,0.811894158
8/24/2014,0.833376998
8/25/2014,0.838616715
8/26/2014,0.781241813
8/27/2014,0.781503799
8/28/2014,0.811108200
8/29/2014,0.779407912
8/30/2014,0.772072308
8/31/2014,0.807178412
9/1/2014,0.826086957
9/2/2014,0.822981366
9/3/2014,0.799689441
9/4/2014,0.825051760
9/5/2014,0.797877847
9/6/2014,0.775362319
9/7/2014,0.835921325
9/8/2014,0.895445135
9/9/2014,0.897774327
9/10/2014,0.892598344
9/11/2014,0.855590062
9/12/2014,0.835662526
9/13/2014,0.832556936
9/14/2014,0.847567288
9/15/2014,0.844319056
9/16/2014,0.837137728
9/17/2014,0.852526289
9/18/2014,0.844319056
9/19/2014,0.798666325
9/20/2014,0.797640421
9/21/2014,0.815337266
9/22/2014,0.839446012
9/23/2014,0.825596307
9/24/2014,0.837137728
9/25/2014,0.796614517
9/26/2014,0.779174147
9/27/2014,0.779174147
9/28/2014,0.814567838
9/29/2014,0.839958964
9/30/2014,0.854065145
10/1/2014,0.813815301
10/2/2014,0.823966328
10/3/2014,0.785095321
10/4/2014,0.765040852
10/5/2014,0.796236692
10/6/2014,0.819262194
10/7/2014,0.823223570
10/8/2014,0.822233226
10/9/2014,0.817281505
10/10/2014,0.776677395
10/11/2014,0.780638772
10/12/2014,0.796731864
10/13/2014,0.826194603
10/14/2014,0.829660807
10/15/2014,0.856647685
10/16/2014,0.839069077
10/17/2014,0.804407031
10/18/2014,0.806882892
10/19/2014,0.835850458
10/20/2014,0.846496658
10/21/2014,0.849962862
10/22/2014,0.848972518
10/23/2014,0.862342164
10/24/2014,0.823966328
10/25/2014,0.829908393
10/26/2014,0.884129735
10/27/2014,0.885367665
10/28/2014,0.834117356
10/29/2014,0.827184947
10/30/2014,0.827927705
10/31/2014,0.792027730
11/1/2014,0.810714286
11/2/2014,0.825238095
11/3/2014,0.838095238
11/4/2014,0.837857143
11/5/2014,0.839047619
11/6/2014,0.833571429
11/7/2014,0.812380952
11/8/2014,0.822857143
11/9/2014,0.877142857
11/10/2014,0.883571429
11/11/2014,0.887857143
11/12/2014,0.893571429
11/13/2014,0.869761905
11/14/2014,0.846666667
11/15/2014,0.836428571
11/16/2014,0.871904762
11/17/2014,0.875952381
11/18/2014,0.885952381
11/19/2014,0.875476190
11/20/2014,0.856190476
11/21/2014,0.839047619
11/22/2014,0.834761905
11/23/2014,0.87
11/24/2014,0.875
11/25/2014,0.85
11/26/2014,0.846428571
11/27/2014,0.827101691
11/28/2014,0.828571429
11/29/2014,0.837342224
11/30/2014,0.841428571
12/1/2014,0.856803610
12/2/2014,0.876988839
12/3/2014,0.873664213
12/4/2014,0.871764427
12/5/2014,0.852291617
12/6/2014,0.844217526
12/7/2014,0.871526953
12/8/2014,0.875801472
12/9/2014,0.851104251
12/10/2014,0.851816671
12/11/2014,0.852054144
12/12/2014,0.815958205
12/13/2014,0.823082403
12/14/2014,0.862502968
12/15/2014,0.882450724
12/16/2014,0.879126098
12/17/2014,0.870577060
12/18/2014,0.858940869
12/19/2014,0.775825220
12/20/2014,0.772500594
12/21/2014,0.800047495
12/22/2014,0.817383044
12/23/2014,0.808834006
12/24/2014,0.763476609
12/25/2014,0.779862265
12/26/2014,0.791023510
12/27/2014,0.795298029
12/28/2014,0.836855854
12/29/2014,0.852054144
12/30/2014,0.812633579
12/31/2014,0.747328426
1/1/2015,0.814727955
1/2/2015,0.817073171
1/3/2015,0.824577861
1/4/2015,0.851078799
1/5/2015,0.859521576
1/6/2015,0.853893058
1/7/2015,0.844746717
1/8/2015,0.851078799
1/9/2015,0.817776735
1/10/2015,0.832317073
1/11/2015,0.866322702
1/12/2015,0.868902439
1/13/2015,0.855065666
1/14/2015,0.859990619
1/15/2015,0.855534709
1/16/2015,0.825046904
1/17/2015,0.821060038
1/18/2015,0.846857411
1/19/2015,0.861163227
1/20/2015,0.866322702
1/21/2015,0.866088180
1/22/2015,0.855300188
1/23/2015,0.824108818
1/24/2015,0.809803002
1/25/2015,0.832317073
1/26/2015,0.841463415
1/27/2015,0.812382739
1/28/2015,0.811444653
1/29/2015,0.808630394
1/30/2015,0.799671593
1/31/2015,0.812148218
2/1/2015,0.814024390
2/2/2015,0.836030964
2/3/2015,0.843105066
2/4/2015,0.840056285
2/5/2015,0.850140713
2/6/2015,0.830909944
2/7/2015,0.823170732
2/8/2015,0.870544090
2/9/2015,0.880628518
2/10/2015,0.855300188
2/11/2015,0.865384615
2/12/2015,0.839118199
2/13/2015,0.826688555
2/14/2015,0.810272045
2/15/2015,0.829737336
2/16/2015,0.857645403
2/17/2015,0.855300188
2/18/2015,0.852485929
2/19/2015,0.840525328
2/20/2015,0.822936210
2/21/2015,0.824577861
2/22/2015,0.847091932
2/23/2015,0.844277674
2/24/2015,0.807692308
2/25/2015,0.806285178
2/26/2015,0.817542214
2/27/2015,0.787054409
2/28/2015,0.772279550
3/1/2015,0.817073171
3/2/2015,0.837711069
3/3/2015,0.851547842
3/4/2015,0.840290807
3/5/2015,0.820825516
3/6/2015,0.799015009
3/7/2015,0.795262664
3/8/2015,0.826219512
3/9/2015,0.813086304
3/10/2015,0.836772983
3/11/2015,0.846153846
3/12/2015,0.819418386
3/13/2015,0.796669794
3/14/2015,0.799015009
3/15/2015,0.854127580
3/16/2015,0.862804878
3/17/2015,0.865384615
3/18/2015,0.848968105
3/19/2015,0.858583490
3/20/2015,0.829971857
3/21/2015,0.829502814
3/22/2015,0.855300188
3/23/2015,0.860225141
3/24/2015,0.873827392
3/25/2015,0.850609756
3/26/2015,0.768996248
3/27/2015,0.750703565
3/28/2015,0.767589118
3/29/2015,0.793151970
3/30/2015,0.793151970
3/31/2015,0.810975610
4/1/2015,0.814727955
4/2/2015,0.794559099
4/3/2015,0.779080675
4/4/2015,0.814962477
4/5/2015,0.820590994
4/6/2015,0.838180113
4/7/2015,0.831378987
4/8/2015,0.822467167
4/9/2015,0.808630394
4/10/2015,0.782129456
4/11/2015,0.772514071
4/12/2015,0.821763602
4/13/2015,0.823639775
4/14/2015,0.833489681
4/15/2015,0.836772983
4/16/2015,0.808395872
4/17/2015,0.790806754
4/18/2015,0.786350844
4/19/2015,0.815196998
4/20/2015,0.806519700
4/21/2015,0.785647280
4/22/2015,0.818714822
4/23/2015,0.817776735
4/24/2015,0.811913696
4/25/2015,0.771810507
4/26/2015,0.793621013
4/27/2015,0.760318949
4/28/2015,0.746013133
4/29/2015,0.785881801
4/30/2015,0.772279550
5/1/2015,0.772605411
5/2/2015,0.765293688
5/3/2015,0.829149403
5/4/2015,0.825980990
5/5/2015,0.846453814
5/6/2015,0.854009262
5/7/2015,0.839629539
5/8/2015,0.808189130
5/9/2015,0.791128443
5/10/2015,0.832561540
5/11/2015,0.835486230
5/12/2015,0.845235194
5/13/2015,0.845722642
5/14/2015,0.843772849
5/15/2015,0.805751889
5/16/2015,0.787960029
5/17/2015,0.800389959
5/18/2015,0.819887887
5/19/2015,0.809651475
5/20/2015,0.792103339
5/21/2015,0.795028028
5/22/2015,0.762368998
5/23/2015,0.761881550
5/24/2015,0.787716305
5/25/2015,0.805995613
5/26/2015,0.771874238
5/27/2015,0.743114794
5/28/2015,0.753838655
5/29/2015,0.761637826
5/30/2015,0.748720448
5/31/2015,0.768462101
6/1/2015,0.819246436
6/2/2015,0.829684318
6/3/2015,0.829429735
6/4/2015,0.814663951
6/5/2015,0.787423625
6/6/2015,0.778258656
6/7/2015,0.807281059
6/8/2015,0.803716904
6/9/2015,0.812627291
6/10/2015,0.803716904
6/11/2015,0.813645621
6/12/2015,0.821792261
6/13/2015,0.819501018
6/14/2015,0.829175153
6/15/2015,0.826120163
6/16/2015,0.829938900
6/17/2015,0.830702648
6/18/2015,0.817718941
6/19/2015,0.796843177
6/20/2015,0.789460285
6/21/2015,0.809826884
6/22/2015,0.812627291
6/23/2015,0.814409369
6/24/2015,0.800152749
6/25/2015,0.716649695
6/26/2015,0.695519348
6/27/2015,0.693482688
6/28/2015,0.741344196
6/29/2015,0.784114053
6/30/2015,0.783604888
7/1/2015,0.777494908
7/2/2015,0.751527495
7/3/2015,0.743126273
7/4/2015,0.769602851
7/5/2015,0.789969450
7/6/2015,0.804989817
7/7/2015,0.808044807
7/8/2015,0.804735234
7/9/2015,0.779531568
7/10/2015,0.761456212
7/11/2015,0.756619145
7/12/2015,0.803971487
7/13/2015,0.818991853
7/14/2015,0.803716904
7/15/2015,0.824592668
7/16/2015,0.837067210
7/17/2015,0.830448065
7/18/2015,0.789969450
7/19/2015,0.813391039
7/20/2015,0.817973523
7/21/2015,0.820773931
7/22/2015,0.818482688
7/23/2015,0.828665988
7/24/2015,0.791496945
7/25/2015,0.792260692
7/26/2015,0.824083503
7/27/2015,0.825610998
7/28/2015,0.767820774
7/29/2015,0.761710794
7/30/2015,0.763747454
7/31/2015,0.730670103
8/1/2015,0.730651731
8/2/2015,0.759419552
8/3/2015,0.796843177
8/4/2015,0.817973523
8/5/2015,0.822074943
8/6/2015,0.826408361
8/7/2015,0.784093806
8/8/2015,0.757328575
8/9/2015,0.781799643
8/10/2015,0.786133061
8/11/2015,0.776446597
8/12/2015,0.788172317
8/13/2015,0.784858527
8/14/2015,0.781544736
8/15/2015,0.802192200
8/16/2015,0.812898292
8/17/2015,0.815192455
8/18/2015,0.815702269
8/19/2015,0.799133316
8/20/2015,0.816446029
8/21/2015,0.806517312
8/22/2015,0.795824847
8/23/2015,0.818737271
8/24/2015,0.819501018
8/25/2015,0.808553971
8/26/2015,0.756109980
8/27/2015,0.755855397
8/28/2015,0.726578411
8/29/2015,0.735234216
8/30/2015,0.778513238
8/31/2015,0.793483838
9/1/2015,0.793086046
9/2/2015,0.798637396
9/3/2015,0.799646732
9/4/2015,0.793843048
9/5/2015,0.791067373
9/6/2015,0.802927075
9/7/2015,0.821599798
9/8/2015,0.832197830
9/9/2015,0.803431744
9/10/2015,0.800403735
9/11/2015,0.778450669
9/12/2015,0.772646985
9/13/2015,0.808730760
9/14/2015,0.819328791
9/15/2015,0.835730507
9/16/2015,0.825889478
9/17/2015,0.815039112
9/18/2015,0.779460005
9/19/2015,0.766086298
9/20/2015,0.814534444
9/21/2015,0.811254100
9/22/2015,0.824627807
9/23/2015,0.816553116
9/24/2015,0.802674741
9/25/2015,0.751955589
9/26/2015,0.764067626
9/27/2015,0.790562705
9/28/2015,0.807216755
9/29/2015,0.781478678
9/30/2015,0.803179410
10/1/2015,0.756763344
10/2/2015,0.747745552
10/3/2015,0.771874238
10/4/2015,0.790640994
10/5/2015,0.791128443
10/6/2015,0.788447477
10/7/2015,0.786741409
10/8/2015,0.770899342
10/9/2015,0.732147209
10/10/2015,0.734584450
10/11/2015,0.771143066
10/12/2015,0.791615891
10/13/2015,0.800146234
10/14/2015,0.799658786
10/15/2015,0.793078235
10/16/2015,0.767974653
10/17/2015,0.758225689
10/18/2015,0.782354375
10/19/2015,0.798196442
10/20/2015,0.809164026
10/21/2015,0.800877407
10/22/2015,0.818912990
10/23/2015,0.808432854
10/24/2015,0.795759201
10/25/2015,0.811601267
10/26/2015,0.821350232
10/27/2015,0.799658786
10/28/2015,0.772361687
10/29/2015,0.754813551
10/30/2015,0.745552035
10/31/2015,0.736290519
11/1/2015,0.760653409
11/2/2015,0.789299242
11/3/2015,0.783617424
11/4/2015,0.798532197
11/5/2015,0.803503788
11/6/2015,0.776751894
11/7/2015,0.768702652
11/8/2015,0.812026515
11/9/2015,0.816761364
11/10/2015,0.792140152
11/11/2015,0.802320076
11/12/2015,0.800189394
11/13/2015,0.785748106
11/14/2015,0.772490530
11/15/2015,0.807528409
11/16/2015,0.819602273
11/17/2015,0.827888258
11/18/2015,0.835227273
11/19/2015,0.831202652
11/20/2015,0.807528409
11/21/2015,0.777225379
11/22/2015,0.791666667
11/23/2015,0.826467803
11/24/2015,0.831912879
11/25/2015,0.784090909
11/26/2015,0.760890152
11/27/2015,0.743844697
11/28/2015,0.746685606
11/29/2015,0.776988636
11/30/2015,0.786931818
12/1/2015,0.802083333
12/2/2015,0.792613636
12/3/2015,0.78125
12/4/2015,0.764678030
12/5/2015,0.765861742
12/6/2015,0.793323864
12/7/2015,0.803030303
12/8/2015,0.800189394
12/9/2015,0.808948864
12/10/2015,0.795928030
12/11/2015,0.758049242
12/12/2015,0.764678030
12/13/2015,0.793087121
12/14/2015,0.802556818
12/15/2015,0.799715909
12/16/2015,0.801373106
12/17/2015,0.792850379
12/18/2015,0.776041667
12/19/2015,0.724905303
12/20/2015,0.741240530
12/21/2015,0.728929924
12/22/2015,0.719696970
12/23/2015,0.708333333
12/24/2015,0.685132576
12/25/2015,0.710227273
12/26/2015,0.738873106
12/27/2015,0.743607955
12/28/2015,0.762310606
12/29/2015,0.775331439
12/30/2015,0.763020833
12/31/2015,0.719223485
1/1/2016,0.756865530
1/2/2016,0.763731061
1/3/2016,0.790482955
1/4/2016,0.794507576
1/5/2016,0.791903409
1/6/2016,0.800426136
1/7/2016,0.800426136
1/8/2016,0.799715909
1/9/2016,0.789772727
1/10/2016,0.800189394
1/11/2016,0.810606061
1/12/2016,0.806107955
1/13/2016,0.805634470
1/14/2016,0.807765152
1/15/2016,0.776751894
1/16/2016,0.786695076
1/17/2016,0.804214015
1/18/2016,0.815814394
1/19/2016,0.817234848
1/20/2016,0.821969697
1/21/2016,0.8046875
1/22/2016,0.774384470
1/23/2016,0.797585227
1/24/2016,0.800662879
1/25/2016,0.810842803
1/26/2016,0.754971591
1/27/2016,0.727509470
1/28/2016,0.745501894
1/29/2016,0.730823864
1/30/2016,0.741240530
1/31/2016,0.768702652
2/1/2016,0.792140152
2/2/2016,0.793560606
2/3/2016,0.810369318
2/4/2016,0.794981061
2/5/2016,0.764441288
2/6/2016,0.786458333
2/7/2016,0.800426136
2/8/2016,0.789299242
2/9/2016,0.781723485
2/10/2016,0.812736742
2/11/2016,0.807528409
2/12/2016,0.796164773
2/13/2016,0.768702652
2/14/2016,0.788589015
2/15/2016,0.813683712
2/16/2016,0.793797348
2/17/2016,0.810132576
2/18/2016,0.796164773
2/19/2016,0.777462121
2/20/2016,0.789772727
2/21/2016,0.806581439
2/22/2016,0.803740530
2/23/2016,0.806818182
2/24/2016,0.741950758
2/25/2016,0.736742424
2/26/2016,0.728929924
2/27/2016,0.746685606
2/28/2016,0.778409091
2/29/2016,0.795217803
3/1/2016,0.782433712
3/2/2016,0.800426136
3/3/2016,0.774857955
3/4/2016,0.761600379
3/5/2016,0.752604167
3/6/2016,0.791903409
3/7/2016,0.792850379
3/8/2016,0.791193182
3/9/2016,0.790482955
3/10/2016,0.776278409
3/11/2016,0.759469697
3/12/2016,0.774147727
3/13/2016,0.788115530
3/14/2016,0.803503788
3/15/2016,0.789772727
3/16/2016,0.801373106
3/17/2016,0.794034091
3/18/2016,0.771543561
3/19/2016,0.768229167
3/20/2016,0.781723485
3/21/2016,0.804214015
3/22/2016,0.809659091
3/23/2016,0.786931818
3/24/2016,0.722774621
3/25/2016,0.727982955
3/26/2016,0.723484848
3/27/2016,0.741950758
3/28/2016,0.764441288
3/29/2016,0.737215909
3/30/2016,0.747159091
3/31/2016,0.743844697
4/1/2016,0.738049713
4/2/2016,0.740917782
4/3/2016,0.768164436
4/4/2016,0.783221797
4/5/2016,0.768642447
4/6/2016,0.777007648
4/7/2016,0.755497132
4/8/2016,0.733747610
4/9/2016,0.751673040
4/10/2016,0.771510516
4/11/2016,0.772944551
4/12/2016,0.762906310
4/13/2016,0.769120459
4/14/2016,0.782026769
4/15/2016,0.742829828
4/16/2016,0.725143403
4/17/2016,0.738766730
4/18/2016,0.749043977
4/19/2016,0.733508604
4/20/2016,0.746175908
4/21/2016,0.745458891
4/22/2016,0.724665392
4/23/2016,0.760755258
4/24/2016,0.769359465
4/25/2016,0.773422562
4/26/2016,0.707867897
4/27/2016,0.697911608
4/28/2016,0.697183099
4/29/2016,0.692326372
4/30/2016,0.668771248
5/1/2016,0.693619094
5/2/2016,0.706283488
5/3/2016,0.723280020
5/4/2016,0.732673267
5/5/2016,0.759075908
5/6/2016,0.721502920
5/7/2016,0.723026149
5/8/2016,0.765168825
5/9/2016,0.780401117
5/10/2016,0.769738512
5/11/2016,0.766438182
5/12/2016,0.771769485
5/13/2016,0.743589744
5/14/2016,0.722518406
5/15/2016,0.731911653
5/16/2016,0.741304900
5/17/2016,0.737750698
5/18/2016,0.738258441
5/19/2016,0.767707540
5/20/2016,0.757806550
5/21/2016,0.749174917
5/22/2016,0.762883981
5/23/2016,0.772531099
5/24/2016,0.750698147
5/25/2016,0.738766184
5/26/2016,0.698908352
5/27/2016,0.677075400
5/28/2016,0.678090886
5/29/2016,0.715156131
5/30/2016,0.716171617
5/31/2016,0.711348058
6/1/2016,0.742827060
6/2/2016,0.759936825
6/3/2016,0.718346933
6/4/2016,0.710186891
6/5/2016,0.734667018
6/6/2016,0.740458015
6/7/2016,0.718873388
6/8/2016,0.745985786
6/9/2016,0.742300605
6/10/2016,0.735456699
6/11/2016,0.743353514
6/12/2016,0.760989734
6/13/2016,0.763358779
6/14/2016,0.780994999
6/15/2016,0.763358779
6/16/2016,0.750717828
6/17/2016,0.723831898
6/18/2016,0.720177499
6/19/2016,0.750456800
6/20/2016,0.743409032
6/21/2016,0.752545027
6/22/2016,0.743148003
6/23/2016,0.757504568
6/24/2016,0.759853824
6/25/2016,0.713129731
6/26/2016,0.727225268
6/27/2016,0.703210650
6/28/2016,0.705037849
6/29/2016,0.713651788
6/30/2016,0.699034195
7/1/2016,0.717551235
7/2/2016,0.729900158
7/3/2016,0.761166579
7/4/2016,0.755504352
7/5/2016,0.748079877
7/6/2016,0.743471582
7/7/2016,0.750384025
7/8/2016,0.741167435
7/9/2016,0.746799795
7/10/2016,0.779825909
7/11/2016,0.776241679
7/12/2016,0.762416795
7/13/2016,0.766257040
7/14/2016,0.774705581
7/15/2016,0.770609319
7/16/2016,0.762672811
7/17/2016,0.770865335
7/18/2016,0.769329237
7/19/2016,0.752432156
7/20/2016,0.741423451
7/21/2016,0.752432156
7/22/2016,0.752688172
7/23/2016,0.729134665
7/24/2016,0.762928827
7/25/2016,0.767025090
7/26/2016,0.696876600
7/27/2016,0.704301075
7/28/2016,0.713773682
7/29/2016,0.690988223
7/30/2016,0.723758321
7/31/2016,0.747823861
8/1/2016,0.743215566
8/2/2016,0.757808500
8/3/2016,0.746799795
8/4/2016,0.735535074
8/5/2016,0.711469534
8/6/2016,0.741423451
8/7/2016,0.761648746
8/8/2016,0.767537122
8/9/2016,0.769329237
8/10/2016,0.767537122
8/11/2016,0.771633385
8/12/2016,0.737839222
8/13/2016,0.735023041
8/14/2016,0.768305172
8/15/2016,0.746543779
8/16/2016,0.755504352
8/17/2016,0.762928827
8/18/2016,0.760368664
8/19/2016,0.733486943
8/20/2016,0.723502304
8/21/2016,0.768817204
8/22/2016,0.789298515
8/23/2016,0.789554531
8/24/2016,0.769073221
8/25/2016,0.772145417
8/26/2016,0.688940092
8/27/2016,0.697644649
8/28/2016,0.721454173
8/29/2016,0.721710189
8/30/2016,0.719662058
8/31/2016,0.722222222
9/1/2016,0.738351254
9/2/2016,0.717613927
9/3/2016,0.733742960
9/4/2016,0.749359959
9/5/2016,0.777521761
9/6/2016,0.831029186
9/7/2016,0.763184844
9/8/2016,0.781874040
9/9/2016,0.737583205
9/10/2016,0.751664107
9/11/2016,0.789298515
9/12/2016,0.799027138
9/13/2016,0.775985663
9/14/2016,0.762928827
9/15/2016,0.761648746
9/16/2016,0.729902714
9/17/2016,0.741167435
9/18/2016,0.776753712
9/19/2016,0.789554531
9/20/2016,0.783666155
9/21/2016,0.786482335
9/22/2016,0.790322581
9/23/2016,0.763952893
9/24/2016,0.743727599
9/25/2016,0.777265745
9/26/2016,0.769073221
9/27/2016,0.724270353
9/28/2016,0.707117256
9/29/2016,0.699948797
9/30/2016,0.682250396
10/1/2016,0.677057964
10/2/2016,0.699707745
10/3/2016,0.719191427
10/4/2016,0.723088164
10/5/2016,0.731368729
10/6/2016,0.740867024
10/7/2016,0.726010716
10/8/2016,0.721870434
10/9/2016,0.738188018
10/10/2016,0.752800779
10/11/2016,0.753044325
10/12/2016,0.748416951
10/13/2016,0.744763760
10/14/2016,0.737944472
10/15/2016,0.735265465
10/16/2016,0.743546030
10/17/2016,0.775937652
10/18/2016,0.770336094
10/19/2016,0.764978081
10/20/2016,0.744276668
10/21/2016,0.722844618
10/22/2016,0.714320507
10/23/2016,0.738188018
10/24/2016,0.750121773
10/25/2016,0.747686313
10/26/2016,0.689478811
10/27/2016,0.684607891
10/28/2016,0.697028738
10/29/2016,0.690696542
10/30/2016,0.699464199
10/31/2016,0.730881637
11/1/2016,0.721619667
11/2/2016,0.716799229
11/3/2016,0.705471198
11/4/2016,0.682333092
11/5/2016,0.681127983
11/6/2016,0.719450470
11/7/2016,0.724270909
11/8/2016,0.719450470
11/9/2016,0.725717040
11/10/2016,0.722824777
11/11/2016,0.703784044
11/12/2016,0.718968426
11/13/2016,0.714871053
11/14/2016,0.733188720
11/15/2016,0.738973247
11/16/2016,0.742588576
11/17/2016,0.747409014
11/18/2016,0.729091347
11/19/2016,0.738250181
11/20/2016,0.743552663
11/21/2016,0.742106532
11/22/2016,0.749819234
11/23/2016,0.759942155
11/24/2016,0.732465654
11/25/2016,0.666666667
11/26/2016,0.657025789
11/27/2016,0.685707399
11/28/2016,0.694866233
11/29/2016,0.700168715
11/30/2016,0.716317185
12/1/2016,0.727141829
12/2/2016,0.711063115
12/3/2016,0.723062155
12/4/2016,0.759539237
12/5/2016,0.774178066
12/6/2016,0.788096952
12/7/2016,0.783297336
12/8/2016,0.768898488
12/9/2016,0.739380850
12/10/2016,0.738180946
12/11/2016,0.761459083
12/12/2016,0.760259179
12/13/2016,0.748740101
12/14/2016,0.746340293
12/15/2016,0.730501560
12/16/2016,0.724262059
12/17/2016,0.714182865
12/18/2016,0.722582193
12/19/2016,0.708903288
12/20/2016,0.670746340
12/21/2016,0.633309335
12/22/2016,0.650107991
12/23/2016,0.659707223
12/24/2016,0.647228222
12/25/2016,0.651067915
12/26/2016,0.670986321
12/27/2016,0.689704824
12/28/2016,0.705543557
12/29/2016,0.706983441
12/30/2016,0.698104152
12/31/2016,0.682985361
1/1/2017,0.726421886
1/2/2017,0.731221502
1/3/2017,0.750659947
1/4/2017,0.732421406
1/5/2017,0.725461963
1/6/2017,0.726661867
1/7/2017,0.716582673
1/8/2017,0.743700504
1/9/2017,0.767698584
1/10/2017,0.744420446
1/11/2017,0.732661387
1/12/2017,0.752099832
1/13/2017,0.726421886
1/14/2017,0.700983921
1/15/2017,0.734581234
1/16/2017,0.733621310
1/17/2017,0.714902808
1/18/2017,0.724742021
1/19/2017,0.729541637
1/20/2017,0.715862731
1/21/2017,0.723782097
1/22/2017,0.729061675
1/23/2017,0.743700504
1/24/2017,0.741060715
1/25/2017,0.729781617
1/26/2017,0.668346532
1/27/2017,0.653947684
1/28/2017,0.649148068
1/29/2017,0.702183825
1/30/2017,0.710583153
1/31/2017,0.720182385
2/1/2017,0.715583174
2/2/2017,0.717734226
2/3/2017,0.710564054
2/4/2017,0.719407266
2/5/2017,0.729684512
2/6/2017,0.75
2/7/2017,0.753346080
2/8/2017,0.758604207
2/9/2017,0.746414914
2/10/2017,0.725143403
2/11/2017,0.717495220
2/12/2017,0.736376673
2/13/2017,0.745697897
2/14/2017,0.732791587
2/15/2017,0.737571702
2/16/2017,0.727772467
2/17/2017,0.723948375
2/18/2017,0.711042065
2/19/2017,0.727533461
2/20/2017,0.754541109
2/21/2017,0.735659656
2/22/2017,0.736137667
2/23/2017,0.674952199
2/24/2017,0.672323136
2/25/2017,0.668499044
2/26/2017,0.700286807
2/27/2017,0.697896750
2/28/2017,0.702676864
3/1/2017,0.726774595
3/2/2017,0.723536737
3/3/2017,0.720797011
3/4/2017,0.727023661
3/5/2017,0.749439601
3/6/2017,0.750933998
3/7/2017,0.766376090
3/8/2017,0.769364882
3/9/2017,0.772353674
3/10/2017,0.750186800
3/11/2017,0.747945205
3/12/2017,0.780323786
3/13/2017,0.770610212
3/14/2017,0.737982565
3/15/2017,0.738480697
3/16/2017,0.747447073
3/17/2017,0.729016189
3/18/2017,0.715815691
3/19/2017,0.760647572
3/20/2017,0.758405978
3/21/2017,0.765130760
3/22/2017,0.754919054
3/23/2017,0.745205479
3/24/2017,0.730759651
3/25/2017,0.734993773
3/26/2017,0.750684932
3/27/2017,0.747696139
3/28/2017,0.676961395
3/29/2017,0.673972603
3/30/2017,0.684433375
3/31/2017,0.673723537
4/1/2017,0.706254563
4/2/2017,0.745680214
4/3/2017,0.729617912
4/4/2017,0.730591385
4/5/2017,0.722560234
4/6/2017,0.724020443
4/7/2017,0.711121927
4/8/2017,0.720126551
4/9/2017,0.735702117
4/10/2017,0.743976637
4/11/2017,0.739596009
4/12/2017,0.740812850
4/13/2017,0.743733268
4/14/2017,0.736675590
4/15/2017,0.738379168
4/16/2017,0.749817474
4/17/2017,0.745193478
4/18/2017,0.755901679
4/19/2017,0.740326113
4/20/2017,0.731564858
4/21/2017,0.725724020
4/22/2017,0.727914334
4/23/2017,0.750790947
4/24/2017,0.757848625
4/25/2017,0.707471404
4/26/2017,0.680700900
4/27/2017,0.701873935
4/28/2017,0.677243431
4/29/2017,0.691373327
4/30/2017,0.718145761
5/1/2017,0.758227520
5/2/2017,0.767556362
5/3/2017,0.755117906
5/4/2017,0.760041462
5/5/2017,0.733350609
5/6/2017,0.753044830
5/7/2017,0.777921741
5/8/2017,0.763410210
5/9/2017,0.759782327
5/10/2017,0.760818865
5/11/2017,0.758486655
5/12/2017,0.743975123
5/13/2017,0.749157813
5/14/2017,0.767297227
5/15/2017,0.779994817
5/16/2017,0.789064524
5/17/2017,0.784140969
5/18/2017,0.755377041
5/19/2017,0.728686188
5/20/2017,0.722985229
5/21/2017,0.732832340
5/22/2017,0.751230889
5/23/2017,0.764705882
5/24/2017,0.794247214
5/25/2017,0.762891941
5/26/2017,0.692925628
5/27/2017,0.663643431
5/28/2017,0.703291008
5/29/2017,0.711583312
5/30/2017,0.701995336
5/31/2017,0.705882353
6/1/2017,0.704845815
6/2/2017,0.698367453
6/3/2017,0.699663125
6/4/2017,0.735423685
6/5/2017,0.747343871
6/6/2017,0.747862140
6/7/2017,0.727390516
6/8/2017,0.738792433
6/9/2017,0.727649650
6/10/2017,0.748121275
6/11/2017,0.754599637
6/12/2017,0.746566468
6/13/2017,0.746048199
6/14/2017,0.749935216
6/15/2017,0.738015030
6/16/2017,0.719098212
6/17/2017,0.703291008
6/18/2017,0.733350609
6/19/2017,0.734905416
6/20/2017,0.731536668
6/21/2017,0.737237626
6/22/2017,0.717543405
6/23/2017,0.709251101
6/24/2017,0.699144856
6/25/2017,0.728427054
6/26/2017,0.714433791
6/27/2017,0.667530448
6/28/2017,0.668048717
6/29/2017,0.662088624
6/30/2017,0.633132703
7/1/2017,0.664939103
7/2/2017,0.691111687
7/3/2017,0.712360715
7/4/2017,0.730240995
7/5/2017,0.696294377
7/6/2017,0.696294377
7/7/2017,0.680228038
7/8/2017,0.682301114
7/9/2017,0.711065043
7/10/2017,0.736201088
7/11/2017,0.740347240
7/12/2017,0.714433791
7/13/2017,0.721948691
7/14/2017,0.686965535
7/15/2017,0.684374190
7/16/2017,0.734387147
7/17/2017,0.735164550
7/18/2017,0.737237626
7/19/2017,0.734387147
7/20/2017,0.722726095
7/21/2017,0.697071780
7/22/2017,0.686447266
7/23/2017,0.742938585
7/24/2017,0.746825602
7/25/2017,0.715988598
7/26/2017,0.662866027
7/27/2017,0.650945841
7/28/2017,0.657683338
7/29/2017,0.642394403
7/30/2017,0.670899197
7/31/2017,0.688261208
8/1/2017,0.708473698
8/2/2017,0.711842446
8/3/2017,0.717284271
8/4/2017,0.687483804
8/5/2017,0.699403991
8/6/2017,0.709769370
8/7/2017,0.722726095
8/8/2017,0.724799171
8/9/2017,0.718061674
8/10/2017,0.719357346
8/11/2017,0.681264576
8/12/2017,0.676341021
8/13/2017,0.720134750
8/14/2017,0.750971754
8/15/2017,0.712101581
8/16/2017,0.716506867
8/17/2017,0.716247733
8/18/2017,0.705882353
8/19/2017,0.700958798
8/20/2017,0.727390516
8/21/2017,0.712619850
8/22/2017,0.725576574
8/23/2017,0.715470329
8/24/2017,0.741642913
8/25/2017,0.701217932
8/26/2017,0.661311221
8/27/2017,0.669862659
8/28/2017,0.650686706
8/29/2017,0.651204975
8/30/2017,0.662088624
8/31/2017,0.695257839
9/1/2017,0.667530448
9/2/2017,0.687742939
9/3/2017,0.701995336
9/4/2017,0.725576574
9/5/2017,0.711065043
9/6/2017,0.699922260
9/7/2017,0.707178025
9/8/2017,0.696035242
9/9/2017,0.695776108
9/10/2017,0.731018399
9/11/2017,0.735423685
9/12/2017,0.748380409
9/13/2017,0.767038093
9/14/2017,0.755895310
9/15/2017,0.725058305
9/16/2017,0.727131381
9/17/2017,0.736719357
9/18/2017,0.761855403
9/19/2017,0.760041462
9/20/2017,0.775330396
9/21/2017,0.763669344
9/22/2017,0.755377041
9/23/2017,0.740606375
9/24/2017,0.750453485
9/25/2017,0.724280902
9/26/2017,0.665975641
9/27/2017,0.668826121
9/28/2017,0.680746307
9/29/2017,0.660792952
9/30/2017,0.697330915
10/1/2017,0.754599637
10/2/2017,0.769629438
10/3/2017,0.769370303
10/4/2017,0.757968386
10/5/2017,0.732573205
10/6/2017,0.707955429
10/7/2017,0.727649650
10/8/2017,0.747343871
10/9/2017,0.770406841
10/10/2017,0.767038093
10/11/2017,0.779994817
10/12/2017,0.781031355
10/13/2017,0.761337134
10/14/2017,0.747603006
10/15/2017,0.765742420
10/16/2017,0.752785696
10/17/2017,0.784140969
10/18/2017,0.772220783
10/19/2017,0.761596268
10/20/2017,0.752785696
10/21/2017,0.747603006
10/22/2017,0.781549624
10/23/2017,0.777921741
10/24/2017,0.751490023
10/25/2017,0.778440010
10/26/2017,0.708991967
10/27/2017,0.676081886
10/28/2017,0.692407359
10/29/2017,0.729204457
10/30/2017,0.730240995
10/31/2017,0.753303965
11/1/2017,0.767032406
11/2/2017,0.792038785
11/3/2017,0.762184231
11/4/2017,0.751467211
11/5/2017,0.778004593
11/6/2017,0.796886961
11/7/2017,0.780045930
11/8/2017,0.776473590
11/9/2017,0.774177086
11/10/2017,0.747894871
11/11/2017,0.737943353
11/12/2017,0.777494259
11/13/2017,0.792293953
11/14/2017,0.805052309
11/15/2017,0.784383771
11/16/2017,0.798162797
11/17/2017,0.756315387
11/18/2017,0.748150038
11/19/2017,0.767542740
11/20/2017,0.779025262
11/21/2017,0.787956111
11/22/2017,0.777749426
11/23/2017,0.772135749
11/24/2017,0.740750191
11/25/2017,0.699157948
11/26/2017,0.730288339
11/27/2017,0.722122991
11/28/2017,0.709364634
11/29/2017,0.723909161
11/30/2017,0.721867823
12/1/2017,0.719276200
12/2/2017,0.720336821
12/3/2017,0.744067364
12/4/2017,0.750701710
12/5/2017,0.759122225
12/6/2017,0.757846389
12/7/2017,0.749183212
12/8/2017,0.709474742
12/9/2017,0.709364634
12/10/2017,0.741770860
12/11/2017,0.744910782
12/12/2017,0.746418698
12/13/2017,0.746619035
12/14/2017,0.729077658
12/15/2017,0.712426639
12/16/2017,0.714501131
12/17/2017,0.726971166
12/18/2017,0.746921337
12/19/2017,0.705704951
12/20/2017,0.674038703
12/21/2017,0.697411410
12/22/2017,0.690625785
12/23/2017,0.696406132
12/24/2017,0.699421965
12/25/2017,0.706557795
12/26/2017,0.745916059
12/27/2017,0.752450364
12/28/2017,0.753958281
12/29/2017,0.747926615
12/30/2017,0.743654184
12/31/2017,0.735902016
1/1/2018,0.744832866
1/2/2018,0.743301863
1/3/2018,0.743301863
1/4/2018,0.750701710
1/5/2018,0.710130135
1/6/2018,0.715743812
1/7/2018,0.765756571
1/8/2018,0.766266905
1/9/2018,0.791018117
1/10/2018,0.799183465
1/11/2018,0.810410819
1/12/2018,0.770349579
1/13/2018,0.740750191
1/14/2018,0.773411585
1/15/2018,0.789742281
1/16/2018,0.776728757
1/17/2018,0.774942587
1/18/2018,0.768563409
1/19/2018,0.765756571
1/20/2018,0.751212044
1/21/2018,0.778770094
1/22/2018,0.787445777
1/23/2018,0.795611125
1/24/2018,0.802500638
1/25/2018,0.797142128
1/26/2018,0.731819342
1/27/2018,0.736922684
1/28/2018,0.764480735
1/29/2018,0.756570554
1/30/2018,0.752998214
1/31/2018,0.763204899
2/1/2018,0.786935443
2/2/2018,0.779025262
2/3/2018,0.773666752
2/4/2018,0.756570554
2/5/2018,0.788211278
2/6/2018,0.799948967
2/7/2018,0.795100791
2/8/2018,0.812452156
2/9/2018,0.792293953
2/10/2018,0.787190610
2/11/2018,0.811686655
2/12/2018,0.793569788
2/13/2018,0.779025262
2/14/2018,0.801735137
2/15/2018,0.784894106
2/16/2018,0.772901250
2/17/2018,0.767542740
2/18/2018,0.804031641
2/19/2018,0.812707323
2/20/2018,0.804031641
2/21/2018,0.801990304
2/22/2018,0.786680276
2/23/2018,0.692268436
2/24/2018,0.693799439
2/25/2018,0.731053840
2/26/2018,0.736157183
2/27/2018,0.733605512
2/28/2018,0.745853534
3/1/2018,0.750446542
3/2/2018,0.751722378
3/3/2018,0.754784384
3/4/2018,0.795100791
3/5/2018,0.779535596
3/6/2018,0.782852769
3/7/2018,0.783363103
3/8/2018,0.770094412
3/9/2018,0.756570554
3/10/2018,0.742026027
3/11/2018,0.778004593
3/12/2018,0.782852769
3/13/2018,0.794845624
3/14/2018,0.775452922
3/15/2018,0.785914774
3/16/2018,0.750701710
3/17/2018,0.762439398
3/18/2018,0.789997448
3/19/2018,0.790762950
3/20/2018,0.781321766
3/21/2018,0.775197755
3/22/2018,0.779280429
3/23/2018,0.738453687
3/24/2018,0.720081653
3/25/2018,0.741005359
3/26/2018,0.710640470
3/27/2018,0.715233478
3/28/2018,0.728247002
3/29/2018,0.722122991
3/30/2018,0.747129370
3/31/2018,0.753253381
4/1/2018,0.778233035
4/2/2018,0.769270166
4/3/2018,0.782330346
4/4/2018,0.794622279
4/5/2018,0.774135723
4/6/2018,0.765685019
4/7/2018,0.767477593
4/8/2018,0.782586428
4/9/2018,0.766453265
4/10/2018,0.768758003
4/11/2018,0.763892446
4/12/2018,0.784635083
4/13/2018,0.753649168
4/14/2018,0.741613316
4/15/2018,0.781049936
4/16/2018,0.812035851
4/17/2018,0.803585147
4/18/2018,0.781306018
4/19/2018,0.761843790
4/20/2018,0.735723431
4/21/2018,0.749551857
4/22/2018,0.769526248
4/23/2018,0.758258643
4/24/2018,0.760307298
4/25/2018,0.708834827
4/26/2018,0.675032010
4/27/2018,0.658898848
4/28/2018,0.662227913
4/29/2018,0.740588988
4/30/2018,0.714980794
5/1/2018,0.730819246
5/2/2018,0.728998700
5/3/2018,0.732899870
5/4/2018,0.727438231
5/5/2018,0.724057217
5/6/2018,0.745123537
5/7/2018,0.732379714
5/8/2018,0.754486346
5/9/2018,0.773732120
5/10/2018,0.773992198
5/11/2018,0.728218466
5/12/2018,0.709752926
5/13/2018,0.738101430
5/14/2018,0.742782835
5/15/2018,0.768790637
5/16/2018,0.768270481
5/17/2018,0.774772432
5/18/2018,0.725877763
5/19/2018,0.727178153
5/20/2018,0.739921977
5/21/2018,0.758387516
5/22/2018,0.747984395
5/23/2018,0.738621586
5/24/2018,0.753966190
5/25/2018,0.718075423
5/26/2018,0.687906372
5/27/2018,0.696228869
5/28/2018,0.703511053
5/29/2018,0.707152146
5/30/2018,0.720156047
5/31/2018,0.739661899
6/1/2018,0.723016905
6/2/2018,0.695968791
6/3/2018,0.724317295
6/4/2018,0.758127438
6/5/2018,0.744083225
6/6/2018,0.716254876
6/7/2018,0.718855657
6/8/2018,0.697529259
6/9/2018,0.734200260
6/10/2018,0.795058518
6/11/2018,0.783875163
6/12/2018,0.758387516
6/13/2018,0.751365410
6/14/2018,0.770091027
6/15/2018,0.743563069
6/16/2018,0.743042913
6/17/2018,0.755006502
6/18/2018,0.748244473
6/19/2018,0.754226268
6/20/2018,0.727438231
6/21/2018,0.737321196
6/22/2018,0.741742523
6/23/2018,0.736540962
6/24/2018,0.749544863
6/25/2018,0.747724317
6/26/2018,0.684005202
6/27/2018,0.663198960
6/28/2018,0.678803641
6/29/2018,0.665019506
6/30/2018,0.666579974
7/1/2018,0.703771131
7/2/2018,0.745903771
7/3/2018,0.745123537
7/4/2018,0.729258778
7/5/2018,0.702470741
7/6/2018,0.711573472
7/7/2018,0.720676203
7/8/2018,0.720156047
7/9/2018,0.742002601
7/10/2018,0.751365410
7/11/2018,0.735760728
7/12/2018,0.743042913
7/13/2018,0.731859558
7/14/2018,0.743823147
7/15/2018,0.727178153
7/16/2018,0.724577373
7/17/2018,0.716254876
7/18/2018,0.766189857
7/19/2018,0.753185956
7/20/2018,0.722496749
7/21/2018,0.698309493
7/22/2018,0.726397919
7/23/2018,0.739141743
7/24/2018,0.735500650
7/25/2018,0.726918075
7/26/2018,0.656697009
7/27/2018,0.624187256
7/28/2018,0.626527958
7/29/2018,0.681924577
7/30/2018,0.694928479
7/31/2018,0.698049415
8/1/2018,0.704551365
8/2/2018,0.708712614
8/3/2018,0.656436931
8/4/2018,0.703511053
8/5/2018,0.712093628
8/6/2018,0.742262679
8/7/2018,0.723537061
8/8/2018,0.709492848
8/9/2018,0.713914174
8/10/2018,0.695968791
8/11/2018,0.708452536
8/12/2018,0.764828848
8/13/2018,0.738621586
8/14/2018,0.722236671
8/15/2018,0.712093628
8/16/2018,0.716254876
8/17/2018,0.708972692
8/18/2018,0.706892068
8/19/2018,0.736280884
8/20/2018,0.738881664
8/21/2018,0.738101430
8/22/2018,0.736540962
8/23/2018,0.721716515
8/24/2018,0.747204161
8/25/2018,0.713914174
8/26/2018,0.765409623
8/27/2018,0.738361508
8/28/2018,0.662678804
8/29/2018,0.649154746
8/30/2018,0.689986649
8/31/2018,0.643265306
9/1/2018,0.679846939
9/2/2018,0.690561224
9/3/2018,0.733673469
9/4/2018,0.721938776
9/5/2018,0.723979592
9/6/2018,0.723214286
9/7/2018,0.688775510
9/8/2018,0.717857143
9/9/2018,0.757397959
9/10/2018,0.761479592
9/11/2018,0.757142857
9/12/2018,0.792602041
9/13/2018,0.784948980
9/14/2018,0.766581633
9/15/2018,0.739030612
9/16/2018,0.755612245
9/17/2018,0.775765306
9/18/2018,0.780612245
9/19/2018,0.778826531
9/20/2018,0.769642857
9/21/2018,0.760204082
9/22/2018,0.744642857
9/23/2018,0.776530612
9/24/2018,0.752040816
9/25/2018,0.673214286
9/26/2018,0.682908163
9/27/2018,0.706887755
9/28/2018,0.704846939
9/29/2018,0.701785714
9/30/2018,0.740051020
10/1/2018,0.738442211
10/2/2018,0.753266332
10/3/2018,0.749748744
10/4/2018,0.743467337
10/5/2018,0.712060302
10/6/2018,0.711306533
10/7/2018,0.730150754
10/8/2018,0.760552764
10/9/2018,0.761557789
10/10/2018,0.752512563
10/11/2018,0.743216080
10/12/2018,0.731155779
10/13/2018,0.727386935
10/14/2018,0.743718593
10/15/2018,0.717336683
10/16/2018,0.715577889
10/17/2018,0.695477387
10/18/2018,0.718592965
10/19/2018,0.708291457
10/20/2018,0.704020101
10/21/2018,0.723618090
10/22/2018,0.724623116
10/23/2018,0.720351759
10/24/2018,0.729648241
10/25/2018,0.714824121
10/26/2018,0.655276382
10/27/2018,0.653015075
10/28/2018,0.677386935
10/29/2018,0.687437186
10/30/2018,0.694723618
10/31/2018,0.708793970
11/1/2018,0.724371859
11/2/2018,0.695979899
11/3/2018,0.678391960
11/4/2018,0.731407035
11/5/2018,0.751507538
11/6/2018,0.766080402
11/7/2018,0.762562814
11/8/2018,0.767085427
11/9/2018,0.751507538
11/10/2018,0.739949749
11/11/2018,0.764572864
11/12/2018,0.759798995
11/13/2018,0.753517588
11/14/2018,0.762814070
11/15/2018,0.755527638
11/16/2018,0.772361809
11/17/2018,0.744472362
11/18/2018,0.770603015
11/19/2018,0.767085427
11/20/2018,0.762562814
11/21/2018,0.767587940
11/22/2018,0.767085427
11/23/2018,0.753266332
11/24/2018,0.750251256
11/25/2018,0.778643216
11/26/2018,0.760050251
11/27/2018,0.704522613
11/28/2018,0.671105528
11/29/2018,0.699246231
11/30/2018,0.689447236
12/1/2018,0.725238813
12/2/2018,0.746857717
12/3/2018,0.767471091
12/4/2018,0.766968326
12/5/2018,0.777526395
12/6/2018,0.773755656
12/8/2018,0.743589744
12/9/2018,0.763448969
12/10/2018,0.754399196
12/11/2018,0.756661639
12/12/2018,0.755656109
12/13/2018,0.727249874
12/14/2018,0.716691805
12/15/2018,0.726747109
12/16/2018,0.752639517
12/17/2018,0.751131222
12/18/2018,0.722222222
12/19/2018,0.678481649
12/20/2018,0.642533937
12/21/2018,0.665409754
12/22/2018,0.663147310
12/23/2018,0.687782805
12/24/2018,0.683509301
12/25/2018,0.686023127
12/26/2018,0.713172448
12/27/2018,0.733534439
12/28/2018,0.718451483
12/29/2018,0.716691805
12/30/2018,0.733534439
12/31/2018,0.726998492
1/1/2019,0.757109915
1/2/2019,0.744299257
1/3/2019,0.745324110
1/4/2019,0.745836536
1/5/2019,0.771201640
1/6/2019,0.775301050
1/7/2019,0.797335383
1/8/2019,0.789905201
1/9/2019,0.799385088
1/10/2019,0.783243659
1/11/2019,0.758134768
1/12/2019,0.751729439
1/13/2019,0.785037151
1/14/2019,0.789136562
1/15/2019,0.793235972
1/16/2019,0.797079170
1/17/2019,0.798104023
1/18/2019,0.796054317
1/19/2019,0.777350756
1/20/2019,0.789392775
1/21/2019,0.783243659
1/22/2019,0.791954906
1/23/2019,0.826031258
1/24/2019,0.803740712
1/25/2019,0.763515245
1/26/2019,0.712016398
1/27/2019,0.755060210
1/28/2019,0.737893928
1/29/2019,0.725595696
1/30/2019,0.732769664
1/31/2019,0.749935947
2/1/2019,0.753501401
2/2/2019,0.768780239
2/3/2019,0.788897377
2/4/2019,0.792462440
2/5/2019,0.801629743
2/6/2019,0.790934556
2/7/2019,0.785586962
2/8/2019,0.788388083
2/9/2019,0.771581360
2/10/2019,0.798064680
2/11/2019,0.804430863
2/12/2019,0.799847212
2/13/2019,0.811306341
2/14/2019,0.800356506
2/15/2019,0.794244971
2/16/2019,0.794754265
2/17/2019,0.792462440
2/18/2019,0.805194805
2/19/2019,0.781003310
2/20/2019,0.779984721
2/21/2019,0.785586962
2/22/2019,0.766488414
2/23/2019,0.749172396
2/24/2019,0.748408454
2/25/2019,0.729819200
2/26/2019,0.733893557
2/27/2019,0.729309906
2/28/2019,0.730583142
3/1/2019,0.721639180
3/2/2019,0.719140430
3/3/2019,0.755372314
3/4/2019,0.761369315
3/5/2019,0.758870565
3/6/2019,0.763118441
3/7/2019,0.754872564
3/8/2019,0.735382309
3/9/2019,0.732633683
3/10/2019,0.765367316
3/11/2019,0.751624188
3/12/2019,0.770114943
3/13/2019,0.764867566
3/14/2019,0.755622189
3/15/2019,0.743128436
3/16/2019,0.723138431
3/17/2019,0.751124438
3/18/2019,0.744127936
3/19/2019,0.722638681
3/20/2019,0.718890555
3/21/2019,0.719140430
3/22/2019,0.682658671
3/23/2019,0.706646677
3/24/2019,0.710394803
3/25/2019,0.715392304
3/26/2019,0.660919540
3/27/2019,0.662418791
3/28/2019,0.643928036
3/29/2019,0.635932034
3/30/2019,0.628685657
3/31/2019,0.700399800
4/1/2019,0.769036175
4/2/2019,0.780419934
4/3/2019,0.781937769
4/4/2019,0.777890210
4/5/2019,0.747786491
4/6/2019,0.763976727
4/7/2019,0.775613458
4/8/2019,0.774854541
4/9/2019,0.769036175
4/10/2019,0.777637238
4/11/2019,0.774854541
4/12/2019,0.773842651
4/13/2019,0.756640526
4/14/2019,0.791044776
4/15/2019,0.798380976
4/16/2019,0.796863142
4/17/2019,0.803693397
4/18/2019,0.781937769
4/19/2019,0.779913989
4/20/2019,0.763976727
4/21/2019,0.778143182
4/22/2019,0.781684796
4/23/2019,0.781178852
4/24/2019,0.791044776
4/25/2019,0.699721730
4/26/2019,0.700227675
4/27/2019,0.709334683
4/28/2019,0.746268657
4/29/2019,0.738426512
4/30/2019,0.746268657
5/1/2019,0.762025961
5/2/2019,0.768388903
5/3/2019,0.764825655
5/4/2019,0.777551540
5/5/2019,0.794095190
5/6/2019,0.768643421
5/7/2019,0.772206668
5/8/2019,0.766098244
5/9/2019,0.764062102
5/10/2019,0.754899466
5/11/2019,0.740137440
5/12/2019,0.762025961
5/13/2019,0.778060575
5/14/2019,0.768388903
5/15/2019,0.771443115
5/16/2019,0.776278951
5/17/2019,0.764062102
5/18/2019,0.767625350
5/19/2019,0.771443115
5/20/2019,0.795622296
5/21/2019,0.786714177
5/22/2019,0.756172054
5/23/2019,0.758717231
5/24/2019,0.754390430
5/25/2019,0.730974803
5/26/2019,0.774751845
5/27/2019,0.749300076
5/28/2019,0.662509544
5/29/2019,0.650547213
5/30/2019,0.649274625
5/31/2019,0.627895139
6/1/2019,0.654619496
6/2/2019,0.678035123
6/3/2019,0.724357343
6/4/2019,0.738355816
6/5/2019,0.742682616
6/6/2019,0.753372359
6/7/2019,0.764825655
6/8/2019,0.767625350
6/9/2019,0.766607279
6/10/2019,0.754899466
6/11/2019,0.752354289
6/12/2019,0.754390430
6/13/2019,0.751590736
6/14/2019,0.711122423
6/15/2019,0.731229320
6/16/2019,0.758208195
6/17/2019,0.754644948
6/18/2019,0.782132858
6/19/2019,0.804530415
6/20/2019,0.799949096
6/21/2019,0.770425045
6/22/2019,0.739119369
6/23/2019,0.779078646
6/24/2019,0.753881395
6/25/2019,0.679816747
6/26/2019,0.665054721
6/27/2019,0.688215831
6/28/2019,0.661491474
6/29/2019,0.673962840
6/30/2019,0.677526088
7/1/2019,0.741155510
7/2/2019,0.718503436
7/3/2019,0.727411555
7/4/2019,0.735301603
7/5/2019,0.713922118
7/6/2019,0.730974803
7/7/2019,0.763807585
7/8/2019,0.757444642
7/9/2019,0.745736829
7/10/2019,0.739628404
7/11/2019,0.738864851
7/12/2019,0.715703741
7/13/2019,0.713413082
7/14/2019,0.754899466
7/15/2019,0.750063629
7/16/2019,0.751081700
7/17/2019,0.757190125
7/18/2019,0.784932553
7/19/2019,0.753372359
7/20/2019,0.723339272
7/21/2019,0.729702214
7/22/2019,0.741664546
7/23/2019,0.742937134
7/24/2019,0.775260881
7/25/2019,0.727920590
7/26/2019,0.600407228
7/27/2019,0.636803258
7/28/2019,0.655128531
7/29/2019,0.654874014
7/30/2019,0.657419191
7/31/2019,0.668108934
8/1/2019,0.695087809
8/2/2019,0.686434207
8/3/2019,0.693306185
8/4/2019,0.722321201
8/5/2019,0.741664546
8/6/2019,0.737846780
8/7/2019,0.728429626
8/8/2019,0.736319674
8/9/2019,0.724866378
8/10/2019,0.738355816
8/11/2019,0.772206668
8/12/2019,0.765589208
8/13/2019,0.747263935
8/14/2019,0.765080173
8/15/2019,0.752608806
8/16/2019,0.759735302
8/17/2019,0.735810639
8/18/2019,0.761516925
8/19/2019,0.756172054
8/20/2019,0.739882922
8/21/2019,0.730974803
8/22/2019,0.780860270
8/23/2019,0.748791041
8/24/2019,0.744718758
8/25/2019,0.776024434
8/26/2019,0.758208195
8/27/2019,0.660727921
8/28/2019,0.667345381
8/29/2019,0.660218885
8/30/2019,0.665054721
8/31/2019,0.690251973
9/1/2019,0.695596844
9/2/2019,0.717739883
9/3/2019,0.695087809
9/4/2019,0.705013998
9/5/2019,0.715958259
9/6/2019,0.690251973
9/7/2019,0.701450751
9/8/2019,0.744209723
9/9/2019,0.764316620
9/10/2019,0.768388903
9/11/2019,0.756681089
9/12/2019,0.745482311
9/13/2019,0.728429626
9/14/2019,0.742428099
9/15/2019,0.737592263
9/16/2019,0.748282006
9/17/2019,0.747772970
9/18/2019,0.763044032
9/19/2019,0.754390430
9/20/2019,0.742937134
9/21/2019,0.733010944
9/22/2019,0.759989819
9/23/2019,0.764062102
9/24/2019,0.744464240
9/25/2019,0.667090863
9/26/2019,0.678544159
9/27/2019,0.690761008
9/28/2019,0.712649529
9/29/2019,0.787477730
9/30/2019,0.767879868
10/1/2019,0.773761375
10/2/2019,0.758341759
10/3/2019,0.738119312
10/4/2019,0.736855410
10/5/2019,0.726491405
10/6/2019,0.738877654
10/7/2019,0.764661274
10/8/2019,0.813447927
10/9/2019,0.789939333
10/10/2019,0.786653185
10/11/2019,0.767189080
10/12/2019,0.747219414
10/13/2019,0.744691608
10/14/2019,0.795500506
10/15/2019,0.768958544
10/16/2019,0.761880688
10/17/2019,0.742416582
10/18/2019,0.745449949
10/19/2019,0.764155713
10/20/2019,0.801567240
10/21/2019,0.778564206
10/22/2019,0.806117290
10/23/2019,0.805358948
10/24/2019,0.769464105
10/25/2019,0.788169869
10/26/2019,0.739635996
10/27/2019,0.749241658
10/28/2019,0.745449949
10/29/2019,0.747219414
10/30/2019,0.722699697
10/31/2019,0.730283114
11/1/2019,0.720422005
11/2/2019,0.733484049
11/3/2019,0.787239387
11/4/2019,0.786485808
11/5/2019,0.816126601
11/6/2019,0.814117056
11/7/2019,0.800803818
11/8/2019,0.781713137
11/9/2019,0.812107511
11/10/2019,0.828435067
11/11/2019,0.841245918
11/12/2019,0.804069329
11/13/2019,0.797035921
11/14/2019,0.794272796
11/15/2019,0.751569957
11/16/2019,0.767395127
11/17/2019,0.789248932
11/18/2019,0.795528762
11/19/2019,0.796282341
11/20/2019,0.805576488
11/21/2019,0.800301432
11/22/2019,0.749058026
11/23/2019,0.747048480
11/24/2019,0.791760864
11/25/2019,0.788495353
11/26/2019,0.734991208
11/27/2019,0.718161266
11/28/2019,0.698568199
11/29/2019,0.710374278
11/30/2019,0.723185129
12/1/2019,0.735640833
12/2/2019,0.740155505
12/3/2019,0.742412842
12/4/2019,0.770504138
12/5/2019,0.776272887
12/6/2019,0.756458490
12/7/2019,0.765989466
12/8/2019,0.784549787
12/9/2019,0.784549787
12/10/2019,0.791572611
12/11/2019,0.812641084
12/12/2019,0.756458490
12/13/2019,0.787810384
12/14/2019,0.789566090
12/15/2019,0.785302232
12/16/2019,0.778028593
12/17/2019,0.758465011
12/18/2019,0.695761224
12/19/2019,0.689490845
12/20/2019,0.684976173
12/21/2019,0.701529972
12/22/2019,0.703285678
12/23/2019,0.719588663
12/24/2019,0.701028342
12/25/2019,0.719839478
12/26/2019,0.738650614
12/27/2019,0.750188111
12/28/2019,0.768748432
12/29/2019,0.785051417
12/30/2019,0.773263105
12/31/2019,0.702282418
1/1/2020,0.806035595
1/2/2020,0.813773536
1/3/2020,0.802424555
1/4/2020,0.816352850
1/5/2020,0.828475625
1/6/2020,0.850141862
1/7/2020,0.869486717
1/8/2020,0.857879804
1/9/2020,0.871034305
1/10/2020,0.820737684
1/11/2020,0.864328089
1/12/2020,0.843693578
1/13/2020,0.841372195
1/14/2020,0.866907403
1/15/2020,0.863296363
1/16/2020,0.866907403
1/17/2020,0.851947382
1/18/2020,0.833118391
1/19/2020,0.833376322
1/20/2020,0.824348723
1/21/2020,0.836471499
1/22/2020,0.824090792
1/23/2020,0.843693578
1/24/2020,0.840856332
1/25/2020,0.819448027
1/26/2020,0.877482590
1/27/2020,0.807325251
1/28/2020,0.758576219
1/29/2020,0.742326541
1/30/2020,0.747227238
1/31/2020,0.730719629
2/1/2020,0.802683504
2/2/2020,0.852933439
2/3/2020,0.852407261
2/4/2020,0.825046041
2/5/2020,0.826887661
2/6/2020,0.830044725
2/7/2020,0.828466193
2/8/2020,0.857669034
2/9/2020,0.866877138
2/10/2020,0.857932123
2/11/2020,0.866087872
2/12/2020,0.869508024
2/13/2020,0.866614049
2/14/2020,0.866614049
2/15/2020,0.870297290
2/16/2020,0.887398053
2/17/2020,0.920284136
2/18/2020,0.888976585
2/19/2020,0.886345699
2/20/2020,0.872401999
2/21/2020,0.839779006
2/22/2020,0.841883715
2/23/2020,0.883188635
2/24/2020,0.881873191
2/25/2020,0.872401999
2/26/2020,0.833464878
2/27/2020,0.800841884
2/28/2020,0.736122073
2/29/2020,0.777953170
3/1/2020,0.757883763
3/2/2020,0.769351056
3/3/2020,0.777951525
3/4/2020,0.808444097
3/5/2020,0.799843628
3/6/2020,0.824081314
3/7/2020,0.853270784
3/8/2020,0.857961949
3/9/2020,0.859786291
3/10/2020,0.837894188
3/11/2020,0.853270784
3/12/2020,0.865519937
3/13/2020,0.862913735
3/14/2020,0.872035444
3/15/2020,0.864477456
3/16/2020,0.849100860
3/17/2020,0.838936669
3/18/2020,0.833984884
3/19/2020,0.841542872
3/20/2020,0.793067501
3/21/2020,0.794631222
3/22/2020,0.809486578
3/23/2020,0.767971348
3/24/2020,0.774878486
3/25/2020,0.763366590
3/26/2020,0.749356665
3/27/2020,0.716932578
3/28/2020,0.763553408
3/29/2020,0.765163714
3/30/2020,0.762676424
3/31/2020,0.760062729
4/1/2020,0.837302471
4/2/2020,0.797692990
4/3/2020,0.760425909
4/4/2020,0.781499556
4/5/2020,0.847160603
4/6/2020,0.781721384
4/7/2020,0.775800712
4/8/2020,0.768635258
4/9/2020,0.769077638
4/10/2020,0.714001327
4/11/2020,0.763769078
4/12/2020,0.769400840
4/13/2020,0.750165819
4/14/2020,0.717665266
4/15/2020,0.731211317
4/16/2020,0.691644562
4/17/2020,0.673961096
4/18/2020,0.686560566
4/19/2020,0.677790055
4/20/2020,0.676314627
4/21/2020,0.666372072
4/22/2020,0.670421913
4/23/2020,0.679487179
4/24/2020,0.657749281
4/25/2020,0.672341366
4/26/2020,0.654288240
4/27/2020,0.644861878
4/28/2020,0.639751553
4/29/2020,0.623548474
4/30/2020,0.660270270
5/1/2020,0.611992471
5/2/2020,0.605913978
5/3/2020,0.646410325
5/4/2020,0.662604928
5/5/2020,0.632801945
5/6/2020,0.606823721
5/7/2020,0.654555315
5/8/2020,0.653553988
5/9/2020,0.660336408
5/10/2020,0.688533478
5/11/2020,0.663320673
5/12/2020,0.663774403
5/13/2020,0.616594360
5/14/2020,0.642159523
5/15/2020,0.639620081
5/16/2020,0.605156038
5/17/2020,0.623404833
5/18/2020,0.647026880
5/19/2020,0.634411525
5/20/2020,0.639989074
5/21/2020,0.680706522
5/22/2020,0.666576087
5/23/2020,0.629619565
5/24/2020,0.609192276
5/25/2020,0.615447376
5/26/2020,0.641478663
5/27/2020,0.625611746
5/28/2020,0.612394672
5/29/2020,0.606085303
5/30/2020,0.578375441
5/31/2020,0.630263515
6/1/2020,0.579248366
6/2/2020,0.586056645
6/3/2020,0.569716776
6/4/2020,0.578431373
6/5/2020,0.590141612
6/6/2020,0.607298475
6/7/2020,0.644607843
6/8/2020,0.653594771
6/9/2020,0.596553611
6/10/2020,0.582603939
6/11/2020,0.581783370
6/12/2020,0.563885089
6/13/2020,0.579480164
6/14/2020,0.609028728
6/15/2020,0.613296399
6/16/2020,0.6
6/17/2020,0.616066482
6/18/2020,0.606094183
6/19/2020,0.588919668
6/20/2020,0.591966759
6/21/2020,0.609972299
6/22/2020,0.593074792
6/23/2020,0.603601108
6/24/2020,0.615932111
6/25/2020,0.590747331
6/26/2020,0.639211137
6/27/2020,0.645011601
6/28/2020,0.668793503
6/29/2020,0.654582367
6/30/2020,0.643851508
7/1/2020,0.633527697
7/2/2020,0.626530612
7/3/2020,0.617201166
7/4/2020,0.638775510
7/5/2020,0.656559767
7/6/2020,0.656969697
7/7/2020,0.689090909
7/8/2020,0.686363636
7/9/2020,0.659696970
7/10/2020,0.640909091
7/11/2020,0.647272727
7/12/2020,0.709090909
7/13/2020,0.704204204
7/14/2020,0.687987988
7/15/2020,0.688888889
7/16/2020,0.693693694
7/17/2020,0.682582583
7/18/2020,0.675675676
7/19/2020,0.681981982
7/20/2020,0.672672673
7/21/2020,0.692492492
7/22/2020,0.673696897
7/23/2020,0.710669078
7/24/2020,0.705811503
7/25/2020,0.678711232
7/26/2020,0.688272535
7/27/2020,0.671290712
7/28/2020,0.658507102
7/29/2020,0.674524025
7/30/2020,0.650740853
7/31/2020,0.589960689
8/1/2020,0.615004631
8/2/2020,0.649274467
8/3/2020,0.734177215
8/4/2020,0.706827309
8/5/2020,0.665027658
8/6/2020,0.675525340
8/7/2020,0.669038045
8/8/2020,0.688331786
8/9/2020,0.698545342
8/10/2020,0.700711854
8/11/2020,0.702568864
8/12/2020,0.714329929
8/13/2020,0.696257346
8/14/2020,0.704918033
8/15/2020,0.676770801
8/16/2020,0.749015748
8/17/2020,0.754593176
8/18/2020,0.757217848
8/19/2020,0.781167979
8/20/2020,0.771325459
8/21/2020,0.787318362
8/22/2020,0.789630119
8/23/2020,0.781043593
8/24/2020,0.781373844
8/25/2020,0.810537334
8/26/2020,0.824145150
8/27/2020,0.826587579
8/28/2020,0.795533845
8/29/2020,0.854501047
8/30/2020,0.843335659
8/31/2020,0.821004885
9/1/2020,0.748427673
9/2/2020,0.743885395
9/3/2020,0.751807229
9/4/2020,0.721858864
9/5/2020,0.737349398
9/6/2020,0.8
9/7/2020,0.833046472
9/8/2020,0.776936317
9/9/2020,0.724612737
9/10/2020,0.758691910
9/11/2020,0.750086059
9/12/2020,0.796557659
9/13/2020,0.832013769
9/14/2020,0.819621343
9/15/2020,0.835111876
9/16/2020,0.796557659
9/17/2020,0.734595525
9/18/2020,0.747719298
9/19/2020,0.770526316
9/20/2020,0.837543860
9/21/2020,0.817894737
9/22/2020,0.803859649
9/23/2020,0.802105263
9/24/2020,0.805263158
9/25/2020,0.805614035
9/26/2020,0.784561404
9/27/2020,0.805614035
9/28/2020,0.763859649
9/29/2020,0.793828892
9/30/2020,0.791374474
10/1/2020,0.728002793
10/2/2020,0.735335196
10/3/2020,0.767807263
10/4/2020,0.769553073
10/5/2020,0.760824022
10/6/2020,0.773044693
10/7/2020,0.802374302
10/8/2020,0.824022346
10/9/2020,0.830656425
10/10/2020,0.827513966
10/11/2020,0.847067039
10/12/2020,0.863826816
10/13/2020,0.879539106
10/14/2020,0.872555866
10/15/2020,0.861731844
10/16/2020,0.823198942
10/17/2020,0.850958361
10/18/2020,0.856245869
10/19/2020,0.866490416
10/20/2020,0.850279697
10/21/2020,0.859493254
10/22/2020,0.867493473
10/23/2020,0.839376590
10/24/2020,0.850508906
10/25/2020,0.844783715
10/26/2020,0.832379135
10/27/2020,0.823847377
10/28/2020,0.790461049
10/29/2020,0.794594595
10/30/2020,0.748489666
10/31/2020,0.685532591
11/1/2020,0.701630268
11/2/2020,0.680504305
11/3/2020,0.693726937
11/4/2020,0.686654367
11/5/2020,0.719557196
11/6/2020,0.724084897
11/7/2020,0.776376500
11/8/2020,0.806213473
11/9/2020,0.794832359
11/10/2020,0.843125192
11/11/2020,0.835742848
11/12/2020,0.811643836
11/13/2020,0.748443337
11/14/2020,0.758405978
11/15/2020,0.805453431
11/16/2020,0.804334554
11/17/2020,0.819029851
11/18/2020,0.815950920
11/19/2020,0.807421036
11/20/2020,0.800613497
11/21/2020,0.777982214
11/22/2020,0.789021772
11/23/2020,0.833643700
11/24/2020,0.836513995
11/25/2020,0.810931045
11/26/2020,0.790527654
11/27/2020,0.796696315
11/28/2020,0.82528
11/29/2020,0.821177223
11/30/2020,0.805822137
12/1/2020,0.824294323
12/2/2020,0.820488424
12/3/2020,0.809070726
12/4/2020,0.796980405
12/5/2020,0.834885962
12/6/2020,0.870221651
12/7/2020,0.873112753
12/8/2020,0.876080692
12/9/2020,0.886327249
12/10/2020,0.910119625
12/11/2020,0.920465567
12/12/2020,0.920465567
12/13/2020,0.937277724
12/14/2020,0.940510831
12/15/2020,1.012285807
12/16/2020,0.974458455
12/17/2020,1.013902360
12/18/2020,0.997090204
12/19/2020,0.965729066
12/20/2020,1.006142903
12/21/2020,1.011315875
12/22/2020,0.994827029
12/23/2020,0.930488199
12/24/2020,0.836081474
12/25/2020,0.849013902
12/26/2020,0.877465244
12/27/2020,0.914969285
12/28/2020,0.967345619
12/29/2020,0.968638862
12/30/2020,1.004203039
12/31/2020,0.945360491
1/1/2021,0.905139594
1/2/2021,0.886104061
1/3/2021,0.967005076
1/4/2021,1.005345912
1/5/2021,1.001884422
1/6/2021,0.978329146
1/7/2021,0.972989950
1/8/2021,0.988065327
1/9/2021,0.955402010
1/10/2021,0.986494975
1/11/2021,1.010678392
1/12/2021,1.028266332
1/13/2021,1.043341709
1/14/2021,0.981897628
1/15/2021,0.941359950
1/16/2021,0.939488459
1/17/2021,0.963817842
1/18/2021,1.004596997
1/19/2021,0.996014715
1/20/2021,1.013534297
1/21/2021,0.975699785
1/22/2021,0.948923077
1/23/2021,0.954769231
1/24/2021,0.995076923
1/25/2021,1.022424242
1/26/2021,1.053333333
1/27/2021,1.059090909
1/28/2021,1.017581085
1/29/2021,1.073052440
1/30/2021,0.899060321
1/31/2021,0.894816611
2/1/2021,0.998795906
2/2/2021,0.952739314
2/3/2021,0.982540638
2/4/2021,0.958759783
2/5/2021,1.017158338
2/6/2021,0.952137267
2/7/2021,1.006020470
2/8/2021,1.018061409
2/9/2021,1.035024155
2/10/2021,1.033745104
2/11/2021,1.138294667
2/12/2021,1.068092799
2/13/2021,1.019282917
2/14/2021,1.052124134
2/15/2021,1.070201868
2/16/2021,1.062893082
2/17/2021,1.070380353
2/18/2021,1.054741250
2/19/2021,1.064612623
2/20/2021,0.997008675
2/21/2021,1.000897398
2/22/2021,1.062033999
2/23/2021,1.011644833
2/24/2021,1
2/25/2021,0.972925764
2/26/2021,1.019505095
2/27/2021,0.973799127
2/28/2021,0.987481805
3/1/2021,0.956763073
3/2/2021,0.935068734
3/3/2021,0.909622697
3/4/2021,0.884604233
3/5/2021,0.890692954
3/6/2021,0.890982894
3/7/2021,0.923456074
3/8/2021,1.002029574
3/9/2021,0.986372862
3/10/2021,1.015366773
3/11/2021,0.952449986
3/12/2021,0.917367353
3/13/2021,0.886633807
3/14/2021,0.909249058
3/15/2021,1.005508843
3/16/2021,0.977384749
3/17/2021,0.943751812
3/18/2021,0.912438388
3/19/2021,0.908379240
3/20/2021,0.887213685
3/21/2021,0.907799362
3/22/2021,0.981153958
3/23/2021,0.967816758
3/24/2021,0.983763410
3/25/2021,1.006668600
3/26/2021,0.988112496
3/27/2021,0.872426790
3/28/2021,0.934183821
3/29/2021,1.012467382
3/30/2021,0.933314004
3/31/2021,0.934473761
4/1/2021,0.825936599
4/2/2021,0.791354467
4/3/2021,0.808069164
4/4/2021,0.829106628
4/5/2021,0.839769452
4/6/2021,0.844668588
4/7/2021,0.865129683
4/8/2021,0.882420749
4/9/2021,0.855774811
4/10/2021,0.911201393
4/11/2021,0.923679629
4/12/2021,0.910040627
4/13/2021,0.910621010
4/14/2021,0.888566454
4/15/2021,0.863319791
4/16/2021,0.865931515
4/17/2021,0.782936738
4/18/2021,0.921358096
4/19/2021,0.953279164
4/20/2021,0.896020912
4/21/2021,0.928260238
4/22/2021,0.975602672
4/23/2021,0.964565786
4/24/2021,0.964856230
4/25/2021,0.941039791
4/26/2021,0.995834573
4/27/2021,0.994346921
4/28/2021,0.945254389
4/29/2021,0.912526034
4/30/2021,0.827432312
5/1/2021,0.820451843
5/2/2021,0.820451843
5/3/2021,0.920927467
5/4/2021,0.916073547
5/5/2021,0.919632266
5/6/2021,0.851885099
5/7/2021,0.879413525
5/8/2021,0.890484740
5/9/2021,0.963494913
5/10/2021,0.892878516
5/11/2021,0.874625972
5/12/2021,0.863853980
5/13/2021,0.837522442
5/14/2021,0.826750449
5/15/2021,0.847097546
5/16/2021,0.862956314
5/17/2021,0.885098743
5/18/2021,0.976354385
5/19/2021,0.996707573
5/20/2021,0.992217899
5/21/2021,0.955701886
5/22/2021,0.922777611
5/23/2021,0.938341814
5/24/2021,0.932056271
5/25/2021,0.938641125
5/26/2021,0.935667265
5/27/2021,0.908438061
5/28/2021,0.885996409
5/29/2021,0.873728306
5/30/2021,0.853081987
5/31/2021,0.834829443
6/1/2021,0.784757368
6/2/2021,0.761833879
6/3/2021,0.785055076
6/4/2021,0.806787734
6/5/2021,0.857993450
6/6/2021,0.876451325
6/7/2021,0.893718369
6/8/2021,0.906817505
6/9/2021,0.902054183
6/10/2021,0.905598571
6/11/2021,0.891899940
6/12/2021,0.873734366
6/13/2021,0.886539607
6/14/2021,0.897260274
6/15/2021,0.888326385
6/16/2021,0.901437987
6/17/2021,0.908927501
6/18/2021,0.902336729
6/19/2021,0.894547633
6/20/2021,0.881965249
6/21/2021,0.872678250
6/22/2021,0.896045536
6/23/2021,0.892150989
6/24/2021,0.882863990
6/25/2021,0.856800479
6/26/2021,0.834331935
6/27/2021,0.881366087
6/28/2021,0.870281606
6/29/2021,0.833133613
6/30/2021,0.775913721
7/1/2021,0.740643275
7/2/2021,0.766666667
7/3/2021,0.780701754
7/4/2021,0.826023392
7/5/2021,0.853801170
7/6/2021,0.833040936
7/7/2021,0.840643275
7/8/2021,0.821104940
7/9/2021,0.808535516
7/10/2021,0.838059047
7/11/2021,0.856011730
7/12/2021,0.864222874
7/13/2021,0.872727273
7/14/2021,0.854545455
7/15/2021,0.853036081
7/16/2021,0.872103256
7/17/2021,0.882111437
7/18/2021,0.905865103
7/19/2021,0.885923754
7/20/2021,0.876210032
7/21/2021,0.926664711
7/22/2021,0.866529774
7/23/2021,0.855969493
7/24/2021,0.876503373
7/25/2021,0.916104429
7/26/2021,0.888237020
7/27/2021,0.894983866
7/28/2021,0.857142857
7/29/2021,0.839835729
7/30/2021,0.744499853
7/31/2021,0.794954532
8/1/2021,0.846385542
8/2/2021,0.867469880
8/3/2021,0.886746988
8/4/2021,0.903186275
8/5/2021,0.888174020
8/6/2021,0.881127451
8/7/2021,0.917892157
8/8/2021,0.939950980
8/9/2021,0.916053922
8/10/2021,0.915747549
8/11/2021,0.927696078
8/12/2021,0.939950980
8/13/2021,0.885110294
8/14/2021,0.931372549
8/15/2021,0.925551471
8/16/2021,0.968137255
8/17/2021,0.974571078
8/18/2021,0.955882353
8/19/2021,0.947303922
8/20/2021,0.922794118
8/21/2021,0.941789216
8/22/2021,0.991115196
8/23/2021,1.063725490
8/24/2021,0.985294118
8/25/2021,0.950674020
8/26/2021,0.940563725
8/27/2021,0.949753391
8/28/2021,0.932182491
8/29/2021,0.943279901
8/30/2021,0.935573366
8/31/2021,0.954685573
9/1/2021,0.992723822
9/2/2021,0.939892439
9/3/2021,0.913634926
9/4/2021,0.902878836
9/5/2021,0.942375040
9/6/2021,0.970709965
9/7/2021,0.940464820
9/8/2021,0.914040115
9/9/2021,1.039178515
9/10/2021,0.994628752
9/11/2021,1.000947867
9/12/2021,1.006635071
9/13/2021,1.013902054
9/14/2021,0.984518167
9/15/2021,1.064856230
9/16/2021,1.040192926
9/17/2021,0.988643738
9/18/2021,0.976314082
9/19/2021,1.017845555
9/20/2021,1.015539009
9/21/2021,1.007122046
9/22/2021,1.019747491
9/23/2021,1.067335707
9/24/2021,0.994172871
9/25/2021,0.994172871
9/26/2021,0.996438977
9/27/2021,1.017157656
9/28/2021,0.997733894
9/29/2021,0.995144060
9/30/2021,0.940757527
10/1/2021,0.801031241
10/2/2021,0.841674249
10/3/2021,0.885653625
10/4/2021,0.863815590
10/5/2021,0.902638763
10/6/2021,0.903548681
10/7/2021,0.928116470
10/8/2021,1.006672733
10/9/2021,0.954793689
10/10/2021,0.990594660
10/11/2021,1.089502427
10/12/2021,1.104975728
10/13/2021,1.054915049
10/14/2021,1.090716019
10/15/2021,1.048543689
10/16/2021,0.977548544
10/17/2021,1.029733010
10/18/2021,1.029274005
10/19/2021,1.044203747
10/20/2021,0.986025713
10/21/2021,0.959754053
10/22/2021,0.954443823
10/23/2021,1.019005031
10/24/2021,1.032140861
10/25/2021,1.019843488
10/26/2021,1.013974287
10/27/2021,0.983510341
10/28/2021,0.970653997
10/29/2021,1.023476803
10/30/2021,1.002515372
10/31/2021,0.975684740
11/1/2021,1.021630616
11/2/2021,0.991957848
11/3/2021,1.033277870
11/4/2021,1.024182468
11/5/2021,1.017312448
11/6/2021,1.017037648
11/7/2021,1.040395713
11/8/2021,1.041769717
11/9/2021,1.094806265
11/10/2021,1.111569112
11/11/2021,1.126957955
11/12/2021,1.119263534
11/13/2021,1.127232756
11/14/2021,1.132453971
11/15/2021,1.134652377
11/16/2021,1.158834845
11/17/2021,0.908491344
11/18/2021,1.098653476
11/19/2021,1.147842814
11/20/2021,1.158285243
11/21/2021,1.128606760
11/22/2021,1.095355867
11/23/2021,1.156636439
11/24/2021,1.119538335
11/25/2021,1.068700192
11/26/2021,1.078867821
11/27/2021,1.054410552
11/28/2021,1.090409453
11/29/2021,1.100851882
11/30/2021,1.072547403
12/1/2021,0.853108879
12/2/2021,0.852294325
12/3/2021,0.885419495
12/4/2021,0.902796633
12/5/2021,0.932077474
12/6/2021,0.934283452
12/7/2021,0.879843953
12/8/2021,0.915240853
12/9/2021,0.914977626
12/10/2021,0.903658858
12/11/2021,0.881284549
12/12/2021,0.903922085
12/13/2021,0.933929982
12/14/2021,0.977099237
12/15/2021,0.989470913
12/16/2021,0.979007162
12/17/2021,0.935045690
12/18/2021,0.918745369
12/19/2021,0.941960978
12/20/2021,0.951839960
12/21/2021,0.922696962
12/22/2021,0.879723388
12/23/2021,0.836255866
12/24/2021,0.903432946
12/25/2021,0.947394418
12/26/2021,0.931341072
12/27/2021,0.951839960
12/28/2021,0.954803655
12/29/2021,0.939244258
12/30/2021,0.932822919
12/31/2021,0.943195851
1/1/2022,0.959034382
1/2/2022,0.984881736
1/3/2022,1.004633016
1/4/2022,1.033650329
1/5/2022,1.030480371
1/6/2022,1.010426770
1/7/2022,1.009214355
1/8/2022,1.020126091
1/9/2022,1.034432590
1/10/2022,1.029582929
1/11/2022,0.955140640
1/12/2022,0.957062698
1/13/2022,0.879970725
1/14/2022,0.937999516
1/15/2022,0.931218213
1/16/2022,0.880842819
1/17/2022,0.979171712
1/18/2022,0.993169066
1/19/2022,0.976023250
1/20/2022,0.944296440
1/21/2022,0.909663357
1/22/2022,0.920077501
1/23/2022,0.903850811
1/24/2022,0.970695084
1/25/2022,0.937272947
1/26/2022,0.963429402
1/27/2022,0.933397917
1/28/2022,0.915960281
1/29/2022,0.865827077
1/30/2022,0.939937031
1/31/2022,1.003632841
2/1/2022,1.091217034
2/2/2022,1.088555529
2/3/2022,1.089765304
2/4/2022,0.948947496
2/5/2022,1.069924994
2/6/2022,1.023469635
2/7/2022,1.038712799
2/8/2022,1.032421970
2/9/2022,1.030728285
2/10/2022,1.035567384
2/11/2022,1.080087104
2/12/2022,1.098233729
2/13/2022,1.086377934
2/14/2022,1.108879748
2/15/2022,1.097749819
2/16/2022,0.991531575
2/17/2022,1.083958384
2/18/2022,1.126492810
2/19/2022,1.135494798
2/20/2022,1.167190902
2/21/2022,1.203726107
2/22/2022,1.157996613
2/23/2022,1.150254053
2/24/2022,1.084684249
2/25/2022,1.116380353
2/26/2022,1.102588918
2/27/2022,1.093152674
2/28/2022,1.093394629
3/1/2022,0.919484362
3/2/2022,0.886939983
3/3/2022,0.774725275
3/4/2022,0.902789518
3/5/2022,0.885123615
3/6/2022,0.874680307
3/7/2022,0.988704177
3/8/2022,1.001918159
3/9/2022,0.984102787
3/10/2022,0.896777003
3/11/2022,0.896019678
3/12/2022,0.913908766
3/13/2022,0.993291592
3/14/2022,1.004277353
3/15/2022,0.998871841
3/16/2022,1.004798903
3/17/2022,0.998857404
3/18/2022,0.976516188
3/19/2022,0.982216142
3/20/2022,0.901960784
3/21/2022,1.013451892
3/22/2022,0.976288190
3/23/2022,0.993160055
3/24/2022,0.978112175
3/25/2022,1.036023712
3/26/2022,0.895804834
3/27/2022,0.891700866
3/28/2022,0.890560876
3/29/2022,0.934950136
3/30/2022,0.914324569
3/31/2022,0.832502267
4/1/2022,0.680060271
4/2/2022,0.681840673
4/3/2022,0.704106878
4/4/2022,0.717466601
4/5/2022,0.704601682
4/6/2022,0.716476992
4/7/2022,0.703364671
4/8/2022,0.701632855
4/9/2022,0.731321128
4/10/2022,0.763978229
4/11/2022,0.799851559
4/12/2022,0.820385948
4/13/2022,0.823354775
4/14/2022,0.784265215
4/15/2022,0.792429490
4/16/2022,0.776348342
4/17/2022,0.771152895
4/18/2022,0.781009197
4/19/2022,0.800149142
4/20/2022,0.797414865
4/21/2022,0.794183445
4/22/2022,0.775043500
4/23/2022,0.749937857
4/24/2022,0.771066368
4/25/2022,0.772060651
4/26/2022,0.775540641
4/27/2022,0.771314939
4/28/2022,0.761123540
4/29/2022,0.710166542
4/30/2022,0.720357942
5/1/2022,0.698278013
5/2/2022,0.704766658
5/3/2022,0.692787622
5/4/2022,0.691789369
5/5/2022,0.695033691
5/6/2022,0.718991764
5/7/2022,0.725480409
5/8/2022,0.753431495
5/9/2022,0.768904417
5/10/2022,0.745695034
5/11/2022,0.729972548
5/12/2022,0.734464687
5/13/2022,0.747941103
5/14/2022,0.735462940
5/15/2022,0.729473422
5/16/2022,0.731969054
5/17/2022,0.735712503
5/18/2022,0.753431495
5/19/2022,0.784626903
5/20/2022,0.762415772
5/21/2022,0.732468181
5/22/2022,0.721736960
5/23/2022,0.739955079
5/24/2022,0.720993789
5/25/2022,0.721490683
5/26/2022,0.692866083
5/27/2022,0.703128911
5/28/2022,0.709214502
5/29/2022,0.745468278
5/30/2022,0.723061430
5/31/2022,0.712487412
6/1/2022,0.656498334
6/2/2022,0.649833376
6/3/2022,0.647013586
6/4/2022,0.668546527
6/5/2022,0.708023584
6/6/2022,0.743142784
6/7/2022,0.713150474
6/8/2022,0.697769803
6/9/2022,0.681107408
6/10/2022,0.671035723
6/11/2022,0.684913904
6/12/2022,0.707787201
6/13/2022,0.769725006
6/14/2022,0.816364115
6/15/2022,0.761641673
6/16/2022,0.742436201
6/17/2022,0.742962378
6/18/2022,0.740331492
6/19/2022,0.746382531
6/20/2022,0.736122073
6/21/2022,0.742436201
6/22/2022,0.774269929
6/23/2022,0.813733228
6/24/2022,0.763483294
6/25/2022,0.739279137
6/26/2022,0.750065772
6/27/2022,0.755590634
6/28/2022,0.738752960
6/29/2022,0.739542226
6/30/2022,0.692186267
7/1/2022,0.700568028
7/2/2022,0.727887476
7/3/2022,0.741141466
7/4/2022,0.750067622
7/5/2022,0.740870976
7/6/2022,0.728157966
7/7/2022,0.746551258
7/8/2022,0.738707060
7/9/2022,0.737625101
7/10/2022,0.748174195
7/11/2022,0.752772518
7/12/2022,0.762510143
7/13/2022,0.761428185
7/14/2022,0.758993779
7/15/2022,0.719772789
7/16/2022,0.739518529
7/17/2022,0.734920206
7/18/2022,0.743846362
7/19/2022,0.746551258
7/20/2022,0.732485799
7/21/2022,0.733026778
7/22/2022,0.734920206
7/23/2022,0.719502299
7/24/2022,0.750608602
7/25/2022,0.744657831
7/26/2022,0.730592372
7/27/2022,0.700297539
7/28/2022,0.687584528
7/29/2022,0.684879632
7/30/2022,0.700568028
7/31/2022,0.691371382
8/1/2022,0.756138865
8/2/2022,0.741179791
8/3/2022,0.731865651
8/4/2022,0.776742873
8/5/2022,0.764888513
8/6/2022,0.731018911
8/7/2022,0.743437765
8/8/2022,0.758396839
8/9/2022,0.754163139
8/10/2022,0.728196444
8/11/2022,0.761501552
8/12/2022,0.769968953
8/13/2022,0.774202653
8/14/2022,0.771944680
8/15/2022,0.769404459
8/16/2022,0.767710979
8/17/2022,0.765735253
8/18/2022,0.758961332
8/19/2022,0.743720011
8/20/2022,0.754445385
8/21/2022,0.749364945
8/22/2022,0.768839966
8/23/2022,0.764606266
8/24/2022,0.762066046
8/25/2022,0.773638160
8/26/2022,0.755009879
8/27/2022,0.796217894
8/28/2022,0.787186001
8/29/2022,0.749647192
8/30/2022,0.739486311
8/31/2022,0.737228338
9/1/2022,0.715777590
9/2/2022,0.690093141
9/3/2022,0.698560542
9/4/2022,0.702794242
9/5/2022,0.760090319
9/6/2022,0.758396839
9/7/2022,0.757832345
9/8/2022,0.799887101
9/9/2022,0.785492520
9/10/2022,0.760090319
9/11/2022,0.783234547
9/12/2022,0.794242168
9/13/2022,0.810612475
9/14/2022,0.804967542
9/15/2022,0.801298335
9/16/2022,0.768557719
9/17/2022,0.793677674
9/18/2022,0.834603443
9/19/2022,0.857465425
9/20/2022,0.838272650
9/21/2022,0.836014677
9/22/2022,0.819926616
9/23/2022,0.798758115
9/24/2022,0.807225515
9/25/2022,0.812023709
9/26/2022,0.814281682
9/27/2022,0.772226926
9/28/2022,0.771380186
9/29/2022,0.756421112
9/30/2022,0.756421112
10/1/2022,0.709977452
10/2/2022,0.708004510
10/3/2022,0.715896280
10/4/2022,0.724351747
10/5/2022,0.738162345
10/6/2022,0.739571590
10/7/2022,0.728861330
10/8/2022,0.739289741
10/9/2022,0.727170237
10/10/2022,0.775648253
10/11/2022,0.767192785
10/12/2022,0.761273957
10/13/2022,0.739571590
10/14/2022,0.755073281
10/15/2022,0.756200676
10/16/2022,0.764374295
10/17/2022,0.770647321
10/18/2022,0.757533482
10/19/2022,0.757533482
10/20/2022,0.770926339
10/21/2022,0.7890625
10/22/2022,0.807756696
10/23/2022,0.831473214
10/24/2022,0.823660714
10/25/2022,0.822823661
10/26/2022,0.813337054
10/27/2022,0.791573661
10/28/2022,0.78515625
10/29/2022,0.768694196
10/30/2022,0.782366071
10/31/2022,0.79296875
11/1/2022,0.757432255
11/2/2022,0.800841884
11/3/2022,0.769351876
11/4/2022,0.737157757
11/5/2022,0.804954368
11/6/2022,0.845110821
11/7/2022,0.823958333
11/8/2022,0.842857143
11/9/2022,0.850387597
11/10/2022,0.841085271
11/11/2022,0.828165375
11/12/2022,0.820413437
11/13/2022,0.821963824
11/14/2022,0.819422978
11/15/2022,0.802421432
11/16/2022,0.835933568
11/17/2022,0.850780070
11/18/2022,0.827881228
11/19/2022,0.790387519
11/20/2022,0.813034726
11/21/2022,0.796930045
11/22/2022,0.790188679
11/23/2022,0.785323383
11/24/2022,0.794527363
11/25/2022,0.795522388
11/26/2022,0.798258706
11/27/2022,0.840547264
11/28/2022,0.846359223
11/29/2022,0.843932039
11/30/2022,0.85
12/1/2022,0.798287345
12/2/2022,0.791627022
12/3/2022,0.764747859
12/4/2022,0.799714558
12/5/2022,0.824690771
12/6/2022,0.830399619
12/7/2022,0.789010466
12/8/2022,0.787345385
12/9/2022,0.799000951
12/10/2022,0.794957184
12/11/2022,0.825880114
12/12/2022,0.841103711
12/13/2022,0.823977165
12/14/2022,0.820409134
12/15/2022,0.797098002
12/16/2022,0.805899144
12/17/2022,0.834919125
12/18/2022,0.842293054
12/19/2022,0.837059943
12/20/2022,0.854900095
12/21/2022,0.827545195
12/22/2022,0.812559467
12/23/2022,0.753092293
12/24/2022,0.718363463
12/25/2022,0.711941009
12/26/2022,0.717649857
12/27/2022,0.750713606
12/28/2022,0.740723121
12/29/2022,0.761893435
12/30/2022,0.765937203
12/31/2022,0.741198858
1/1/2023,0.774262607
1/2/2023,0.800861656
1/3/2023,0.821924366
1/4/2023,0.821924366
1/5/2023,0.800861656
1/6/2023,0.793202489
1/7/2023,0.787936812
1/8/2023,0.801101005
1/9/2023,0.797032073
1/10/2023,0.811393011
1/11/2023,0.818334131
1/12/2023,0.791287697
1/13/2023,0.781474390
1/14/2023,0.763523217
1/15/2023,0.802537099
1/16/2023,0.794399234
1/17/2023,0.800861656
1/18/2023,0.805887985
1/19/2023,0.792758456
1/20/2023,0.752739400
1/21/2023,0.784182944
1/22/2023,0.806098142
1/23/2023,0.803477847
1/24/2023,0.792043830
1/25/2023,0.775131015
1/26/2023,0.792043830
1/27/2023,0.786369894
1/28/2023,0.801514456
1/29/2023,0.793942175
1/30/2023,0.774896742
1/31/2023,0.776732446
2/1/2023,0.748967416
2/2/2023,0.735199633
2/3/2023,0.689307022
2/4/2023,0.698485544
2/5/2023,0.705828362
2/6/2023,0.714253136
2/7/2023,0.722462942
2/8/2023,0.756670468
2/9/2023,0.741391106
2/10/2023,0.722690992
2/11/2023,0.723831243
2/12/2023,0.739566705
2/13/2023,0.771265678
2/14/2023,0.755074116
2/15/2023,0.768301026
2/16/2023,0.760091220
2/17/2023,0.721094641
2/18/2023,0.749600912
2/19/2023,0.759407070
2/20/2023,0.789509692
2/21/2023,0.802964652
2/22/2023,0.818472064
2/23/2023,0.817559863
2/24/2023,0.810490308
2/25/2023,0.766020525
2/26/2023,0.768985177
2/27/2023,0.770809578
2/28/2023,0.766932725
3/1/2023,0.720410490
3/2/2023,0.723147092
3/3/2023,0.722919042
3/4/2023,0.752565564
3/5/2023,0.763283922
3/6/2023,0.767388826
3/7/2023,0.794982896
3/8/2023,0.796579247
3/9/2023,0.815051311
3/10/2023,0.784492588
3/11/2023,0.775142531
3/12/2023,0.805017104
3/13/2023,0.789281642
3/14/2023,0.784720639
3/15/2023,0.778107184
3/16/2023,0.771949829
3/17/2023,0.751881414
3/18/2023,0.748004561
3/19/2023,0.758722919
3/20/2023,0.773774230
3/21/2023,0.791562144
3/22/2023,0.764424173
3/23/2023,0.759179019
3/24/2023,0.777651083
3/25/2023,0.758038769
3/26/2023,0.774458381
3/27/2023,0.784036488
3/28/2023,0.767616876
3/29/2023,0.753021665
3/30/2023,0.758038769
3/31/2023,0.691676169
